geo,indicator,date,month,value,unit,sub_indicator_short
ES,household_size_and_composition_2022,2011,,2.58,persons,DYB
ES,household_size_and_composition_2022,2011,,2.69,persons,LFS
FR,household_size_and_composition_2022,2011,,2.25,persons,LFS
FR,household_size_and_composition_2022,2015,,2.22,persons,DYB
IT,household_size_and_composition_2022,2011,,2.4,persons,DYB
IT,household_size_and_composition_2022,2011,,2.4,persons,LFS
PT,household_size_and_composition_2022,2011,,2.58,persons,DYB
PT,household_size_and_composition_2022,2011,,2.66,persons,LFS
CA,household_size_and_composition_2022,2016,,2.45,persons,DYB
SZ,household_size_and_composition_2022,2006,,4.64,persons,DHS
SZ,household_size_and_composition_2022,2007,,4.74,persons,DYB
SZ,household_size_and_composition_2022,2014,,4.04,persons,MICS
ES,TPopulation1Jan,2016,,46680.827,thousands,Medium
ES,TPopulation1Jan,2017,,46784.715,thousands,Medium
ES,TPopulation1Jan,2018,,46952.476,thousands,Medium
ES,TPopulation1Jan,2019,,47233.166,thousands,Medium
ES,TPopulation1Jan,2020,,47637.072,thousands,Medium
ES,TPopulation1Jan,2021,,47721.906,thousands,Medium
ES,TPopulation1Jan,2022,,47749.421,thousands,Medium
ES,TPopulation1Jan,2023,,47907.344,thousands,Medium
ES,TPopulation1Jan,2024,,47915.815,thousands,Medium
ES,TPopulation1Jan,2025,,47905.238,thousands,Medium
ES,TPopulation1Jan,2026,,47874.678,thousands,Medium
ES,TPopulation1Jan,2027,,47826.907,thousands,Medium
ES,TPopulation1Jan,2028,,47777.635,thousands,Medium
ES,TPopulation1Jan,2029,,47719.497,thousands,Medium
ES,TPopulation1Jan,2030,,47652.032,thousands,Medium
ES,TPopulation1Jan,2031,,47569.007,thousands,Medium
ES,TPopulation1Jan,2032,,47477.971,thousands,Medium
ES,TPopulation1Jan,2033,,47389.074,thousands,Medium
ES,TPopulation1Jan,2034,,47299.037,thousands,Medium
ES,TPopulation1Jan,2035,,47205.242,thousands,Medium
ES,TPopulation1Jan,2036,,47103.15,thousands,Medium
FR,TPopulation1Jan,2016,,65001.118,thousands,Medium
FR,TPopulation1Jan,2017,,65172.593,thousands,Medium
FR,TPopulation1Jan,2018,,65396.959,thousands,Medium
FR,TPopulation1Jan,2019,,65642.126,thousands,Medium
FR,TPopulation1Jan,2020,,65816.792,thousands,Medium
FR,TPopulation1Jan,2021,,65993.763,thousands,Medium
FR,TPopulation1Jan,2022,,66173.332,thousands,Medium
FR,TPopulation1Jan,2023,,66381.485,thousands,Medium
FR,TPopulation1Jan,2024,,66496.159,thousands,Medium
FR,TPopulation1Jan,2025,,66600.902,thousands,Medium
FR,TPopulation1Jan,2026,,66700.707,thousands,Medium
FR,TPopulation1Jan,2027,,66792.094,thousands,Medium
FR,TPopulation1Jan,2028,,66884.429,thousands,Medium
FR,TPopulation1Jan,2029,,66972.843,thousands,Medium
FR,TPopulation1Jan,2030,,67063.815,thousands,Medium
FR,TPopulation1Jan,2031,,67151.567,thousands,Medium
FR,TPopulation1Jan,2032,,67238.143,thousands,Medium
FR,TPopulation1Jan,2033,,67325.816,thousands,Medium
FR,TPopulation1Jan,2034,,67412.827,thousands,Medium
FR,TPopulation1Jan,2035,,67503.472,thousands,Medium
FR,TPopulation1Jan,2036,,67592.419,thousands,Medium
IT,TPopulation1Jan,2016,,60511.606,thousands,Medium
IT,TPopulation1Jan,2017,,60444.609,thousands,Medium
IT,TPopulation1Jan,2018,,60336.027,thousands,Medium
IT,TPopulation1Jan,2019,,60218.97,thousands,Medium
IT,TPopulation1Jan,2020,,60041.302,thousands,Medium
IT,TPopulation1Jan,2021,,59784.236,thousands,Medium
IT,TPopulation1Jan,2022,,59674.464,thousands,Medium
IT,TPopulation1Jan,2023,,59563.765,thousands,Medium
IT,TPopulation1Jan,2024,,59435.141,thousands,Medium
IT,TPopulation1Jan,2025,,59250.593,thousands,Medium
IT,TPopulation1Jan,2026,,59041.927,thousands,Medium
IT,TPopulation1Jan,2027,,58810.406,thousands,Medium
IT,TPopulation1Jan,2028,,58567.152,thousands,Medium
IT,TPopulation1Jan,2029,,58324.514,thousands,Medium
IT,TPopulation1Jan,2030,,58077.538,thousands,Medium
IT,TPopulation1Jan,2031,,57814.606,thousands,Medium
IT,TPopulation1Jan,2032,,57545.634,thousands,Medium
IT,TPopulation1Jan,2033,,57287.368,thousands,Medium
IT,TPopulation1Jan,2034,,57025.527,thousands,Medium
IT,TPopulation1Jan,2035,,56756.306,thousands,Medium
IT,TPopulation1Jan,2036,,56483.705,thousands,Medium
PT,TPopulation1Jan,2016,,10357.783,thousands,Medium
PT,TPopulation1Jan,2017,,10334.961,thousands,Medium
PT,TPopulation1Jan,2018,,10326.727,thousands,Medium
PT,TPopulation1Jan,2019,,10323.979,thousands,Medium
PT,TPopulation1Jan,2020,,10362.447,thousands,Medium
PT,TPopulation1Jan,2021,,10378.591,thousands,Medium
PT,TPopulation1Jan,2022,,10403.32,thousands,Medium
PT,TPopulation1Jan,2023,,10430.825,thousands,Medium
PT,TPopulation1Jan,2024,,10430.651,thousands,Medium
PT,TPopulation1Jan,2025,,10419.934,thousands,Medium
PT,TPopulation1Jan,2026,,10403.733,thousands,Medium
PT,TPopulation1Jan,2027,,10386.992,thousands,Medium
PT,TPopulation1Jan,2028,,10368.969,thousands,Medium
PT,TPopulation1Jan,2029,,10347.628,thousands,Medium
PT,TPopulation1Jan,2030,,10327.304,thousands,Medium
PT,TPopulation1Jan,2031,,10308.55,thousands,Medium
PT,TPopulation1Jan,2032,,10288.31,thousands,Medium
PT,TPopulation1Jan,2033,,10265.782,thousands,Medium
PT,TPopulation1Jan,2034,,10243.535,thousands,Medium
PT,TPopulation1Jan,2035,,10219.809,thousands,Medium
PT,TPopulation1Jan,2036,,10196.672,thousands,Medium
CA,TPopulation1Jan,2016,,36132.317,thousands,Medium
CA,TPopulation1Jan,2017,,36574.369,thousands,Medium
CA,TPopulation1Jan,2018,,37042.624,thousands,Medium
CA,TPopulation1Jan,2019,,37547.386,thousands,Medium
CA,TPopulation1Jan,2020,,38018.483,thousands,Medium
CA,TPopulation1Jan,2021,,38325.321,thousands,Medium
CA,TPopulation1Jan,2022,,38582.793,thousands,Medium
CA,TPopulation1Jan,2023,,39059.725,thousands,Medium
CA,TPopulation1Jan,2024,,39538.484,thousands,Medium
CA,TPopulation1Jan,2025,,39946.376,thousands,Medium
CA,TPopulation1Jan,2026,,40307.07,thousands,Medium
CA,TPopulation1Jan,2027,,40628.385,thousands,Medium
CA,TPopulation1Jan,2028,,40936.083,thousands,Medium
CA,TPopulation1Jan,2029,,41234.923,thousands,Medium
CA,TPopulation1Jan,2030,,41517.67,thousands,Medium
CA,TPopulation1Jan,2031,,41793.508,thousands,Medium
CA,TPopulation1Jan,2032,,42063.722,thousands,Medium
CA,TPopulation1Jan,2033,,42319.814,thousands,Medium
CA,TPopulation1Jan,2034,,42556.246,thousands,Medium
CA,TPopulation1Jan,2035,,42796.698,thousands,Medium
CA,TPopulation1Jan,2036,,43013.836,thousands,Medium
SZ,TPopulation1Jan,2016,,1146.136,thousands,Medium
SZ,TPopulation1Jan,2017,,1152.879,thousands,Medium
SZ,TPopulation1Jan,2018,,1163.51,thousands,Medium
SZ,TPopulation1Jan,2019,,1174.349,thousands,Medium
SZ,TPopulation1Jan,2020,,1185.399,thousands,Medium
SZ,TPopulation1Jan,2021,,1200.06,thousands,Medium
SZ,TPopulation1Jan,2022,,1213.127,thousands,Medium
SZ,TPopulation1Jan,2023,,1224.706,thousands,Medium
SZ,TPopulation1Jan,2024,,1236.306,thousands,Medium
SZ,TPopulation1Jan,2025,,1249.337,thousands,Medium
SZ,TPopulation1Jan,2026,,1263.011,thousands,Medium
SZ,TPopulation1Jan,2027,,1276.706,thousands,Medium
SZ,TPopulation1Jan,2028,,1289.738,thousands,Medium
SZ,TPopulation1Jan,2029,,1302.197,thousands,Medium
SZ,TPopulation1Jan,2030,,1314.502,thousands,Medium
SZ,TPopulation1Jan,2031,,1327.335,thousands,Medium
SZ,TPopulation1Jan,2032,,1339.006,thousands,Medium
SZ,TPopulation1Jan,2033,,1350.787,thousands,Medium
SZ,TPopulation1Jan,2034,,1362.701,thousands,Medium
SZ,TPopulation1Jan,2035,,1374.017,thousands,Medium
SZ,TPopulation1Jan,2036,,1384.819,thousands,Medium
ES,NatChange,2016,,-2.588,thousands,Medium
ES,NatChange,2017,,-33.375,thousands,Medium
ES,NatChange,2018,,-56.776,thousands,Medium
ES,NatChange,2019,,-60.87,thousands,Medium
ES,NatChange,2020,,-152.023,thousands,Medium
ES,NatChange,2021,,-116.872,thousands,Medium
ES,NatChange,2022,,-141.849,thousands,Medium
ES,NatChange,2023,,-110.642,thousands,Medium
ES,NatChange,2024,,-122.249,thousands,Medium
ES,NatChange,2025,,-127.192,thousands,Medium
ES,NatChange,2026,,-133.07,thousands,Medium
FR,NatChange,2016,,155.927,thousands,Medium
FR,NatChange,2017,,121.383,thousands,Medium
FR,NatChange,2018,,112.241,thousands,Medium
FR,NatChange,2019,,102.692,thousands,Medium
FR,NatChange,2020,,31.378,thousands,Medium
FR,NatChange,2021,,48.105,thousands,Medium
FR,NatChange,2022,,28.779,thousands,Medium
FR,NatChange,2023,,22.796,thousands,Medium
FR,NatChange,2024,,14.228,thousands,Medium
FR,NatChange,2025,,8.057,thousands,Medium
FR,NatChange,2026,,2.865,thousands,Medium
IT,NatChange,2016,,-151.57,thousands,Medium
IT,NatChange,2017,,-203.724,thousands,Medium
IT,NatChange,2018,,-200.742,thousands,Medium
IT,NatChange,2019,,-224.302,thousands,Medium
IT,NatChange,2020,,-342.345,thousands,Medium
IT,NatChange,2021,,-267.103,thousands,Medium
IT,NatChange,2022,,-341.929,thousands,Medium
IT,NatChange,2023,,-278.821,thousands,Medium
IT,NatChange,2024,,-279.791,thousands,Medium
IT,NatChange,2025,,-284.114,thousands,Medium
IT,NatChange,2026,,-289.782,thousands,Medium
PT,NatChange,2016,,-22.041,thousands,Medium
PT,NatChange,2017,,-22.22,thousands,Medium
PT,NatChange,2018,,-25.24,thousands,Medium
PT,NatChange,2019,,-24.563,thousands,Medium
PT,NatChange,2020,,-37.931,thousands,Medium
PT,NatChange,2021,,-44.879,thousands,Medium
PT,NatChange,2022,,-41.193,thousands,Medium
PT,NatChange,2023,,-29.271,thousands,Medium
PT,NatChange,2024,,-31.366,thousands,Medium
PT,NatChange,2025,,-32.676,thousands,Medium
PT,NatChange,2026,,-33.713,thousands,Medium
CA,NatChange,2016,,112.597,thousands,Medium
CA,NatChange,2017,,95.573,thousands,Medium
CA,NatChange,2018,,84.536,thousands,Medium
CA,NatChange,2019,,83.411,thousands,Medium
CA,NatChange,2020,,50.252,thousands,Medium
CA,NatChange,2021,,58.601,thousands,Medium
CA,NatChange,2022,,16.941,thousands,Medium
CA,NatChange,2023,,44.921,thousands,Medium
CA,NatChange,2024,,39.289,thousands,Medium
CA,NatChange,2025,,34.496,thousands,Medium
CA,NatChange,2026,,29.912,thousands,Medium
SZ,NatChange,2016,,19.234,thousands,Medium
SZ,NatChange,2017,,19.279,thousands,Medium
SZ,NatChange,2018,,19.392,thousands,Medium
SZ,NatChange,2019,,19.488,thousands,Medium
SZ,NatChange,2020,,18.898,thousands,Medium
SZ,NatChange,2021,,17.315,thousands,Medium
SZ,NatChange,2022,,20.125,thousands,Medium
SZ,NatChange,2023,,20.147,thousands,Medium
SZ,NatChange,2024,,19.781,thousands,Medium
SZ,NatChange,2025,,19.464,thousands,Medium
SZ,NatChange,2026,,19.175,thousands,Medium
ES,NetMigrations,2016,,106.474,thousands,Medium
ES,NetMigrations,2017,,201.135,thousands,Medium
ES,NetMigrations,2018,,337.467,thousands,Medium
ES,NetMigrations,2019,,464.783,thousands,Medium
ES,NetMigrations,2020,,236.854,thousands,Medium
ES,NetMigrations,2021,,144.385,thousands,Medium
ES,NetMigrations,2022,,299.779,thousands,Medium
ES,NetMigrations,2023,,119.099,thousands,Medium
ES,NetMigrations,2024,,111.674,thousands,Medium
ES,NetMigrations,2025,,96.63,thousands,Medium
ES,NetMigrations,2026,,85.305,thousands,Medium
FR,NetMigrations,2016,,15.548,thousands,Medium
FR,NetMigrations,2017,,102.984,thousands,Medium
FR,NetMigrations,2018,,132.925,thousands,Medium
FR,NetMigrations,2019,,71.972,thousands,Medium
FR,NetMigrations,2020,,145.593,thousands,Medium
FR,NetMigrations,2021,,131.465,thousands,Medium
FR,NetMigrations,2022,,179.377,thousands,Medium
FR,NetMigrations,2023,,91.862,thousands,Medium
FR,NetMigrations,2024,,90.527,thousands,Medium
FR,NetMigrations,2025,,91.737,thousands,Medium
FR,NetMigrations,2026,,88.533,thousands,Medium
IT,NetMigrations,2016,,84.568,thousands,Medium
IT,NetMigrations,2017,,95.147,thousands,Medium
IT,NetMigrations,2018,,83.686,thousands,Medium
IT,NetMigrations,2019,,46.634,thousands,Medium
IT,NetMigrations,2020,,85.281,thousands,Medium
IT,NetMigrations,2021,,157.327,thousands,Medium
IT,NetMigrations,2022,,231.228,thousands,Medium
IT,NetMigrations,2023,,150.189,thousands,Medium
IT,NetMigrations,2024,,95.246,thousands,Medium
IT,NetMigrations,2025,,75.448,thousands,Medium
IT,NetMigrations,2026,,58.272,thousands,Medium
PT,NetMigrations,2016,,-0.775,thousands,Medium
PT,NetMigrations,2017,,13.979,thousands,Medium
PT,NetMigrations,2018,,22.495,thousands,Medium
PT,NetMigrations,2019,,63.031,thousands,Medium
PT,NetMigrations,2020,,54.076,thousands,Medium
PT,NetMigrations,2021,,69.606,thousands,Medium
PT,NetMigrations,2022,,68.696,thousands,Medium
PT,NetMigrations,2023,,29.102,thousands,Medium
PT,NetMigrations,2024,,20.648,thousands,Medium
PT,NetMigrations,2025,,16.472,thousands,Medium
PT,NetMigrations,2026,,16.968,thousands,Medium
CA,NetMigrations,2016,,329.455,thousands,Medium
CA,NetMigrations,2017,,372.685,thousands,Medium
CA,NetMigrations,2018,,420.224,thousands,Medium
CA,NetMigrations,2019,,387.685,thousands,Medium
CA,NetMigrations,2020,,256.592,thousands,Medium
CA,NetMigrations,2021,,198.867,thousands,Medium
CA,NetMigrations,2022,,459.988,thousands,Medium
CA,NetMigrations,2023,,433.842,thousands,Medium
CA,NetMigrations,2024,,368.599,thousands,Medium
CA,NetMigrations,2025,,326.204,thousands,Medium
CA,NetMigrations,2026,,291.403,thousands,Medium
SZ,NetMigrations,2016,,-12.481,thousands,Medium
SZ,NetMigrations,2017,,-8.658,thousands,Medium
SZ,NetMigrations,2018,,-8.546,thousands,Medium
SZ,NetMigrations,2019,,-8.439,thousands,Medium
SZ,NetMigrations,2020,,-4.242,thousands,Medium
SZ,NetMigrations,2021,,-4.242,thousands,Medium
SZ,NetMigrations,2022,,-8.549,thousands,Medium
SZ,NetMigrations,2023,,-8.549,thousands,Medium
SZ,NetMigrations,2024,,-6.754,thousands,Medium
SZ,NetMigrations,2025,,-5.775,thousands,Medium
SZ,NetMigrations,2026,,-5.493,thousands,Medium
ES,TPopulationMale1July,2016,,22987.364,thousands,Medium
ES,TPopulationMale1July,2017,,23037.197,thousands,Medium
ES,TPopulationMale1July,2018,,23136.074,thousands,Medium
ES,TPopulationMale1July,2019,,23299.594,thousands,Medium
ES,TPopulationMale1July,2020,,23417.243,thousands,Medium
ES,TPopulationMale1July,2021,,23442.946,thousands,Medium
ES,TPopulationMale1July,2022,,23485.64,thousands,Medium
ES,TPopulationMale1July,2023,,23524.424,thousands,Medium
ES,TPopulationMale1July,2024,,23521.92,thousands,Medium
ES,TPopulationMale1July,2025,,23506.978,thousands,Medium
ES,TPopulationMale1July,2026,,23482.325,thousands,Medium
FR,TPopulationMale1July,2016,,31501.022,thousands,Medium
FR,TPopulationMale1July,2017,,31605.558,thousands,Medium
FR,TPopulationMale1July,2018,,31721.037,thousands,Medium
FR,TPopulationMale1July,2019,,31832.377,thousands,Medium
FR,TPopulationMale1July,2020,,31923.744,thousands,Medium
FR,TPopulationMale1July,2021,,32016.483,thousands,Medium
FR,TPopulationMale1July,2022,,32116.982,thousands,Medium
FR,TPopulationMale1July,2023,,32202.286,thousands,Medium
FR,TPopulationMale1July,2024,,32261.677,thousands,Medium
FR,TPopulationMale1July,2025,,32312.637,thousands,Medium
FR,TPopulationMale1July,2026,,32359.364,thousands,Medium
IT,TPopulationMale1July,2016,,29391.61,thousands,Medium
IT,TPopulationMale1July,2017,,29393.679,thousands,Medium
IT,TPopulationMale1July,2018,,29379.159,thousands,Medium
IT,TPopulationMale1July,2019,,29326.484,thousands,Medium
IT,TPopulationMale1July,2020,,29229.606,thousands,Medium
IT,TPopulationMale1July,2021,,29153.42,thousands,Medium
IT,TPopulationMale1July,2022,,29109.539,thousands,Medium
IT,TPopulationMale1July,2023,,29062.453,thousands,Medium
IT,TPopulationMale1July,2024,,29003.794,thousands,Medium
IT,TPopulationMale1July,2025,,28927.469,thousands,Medium
IT,TPopulationMale1July,2026,,28838.797,thousands,Medium
PT,TPopulationMale1July,2016,,4910.14,thousands,Medium
PT,TPopulationMale1July,2017,,4901.811,thousands,Medium
PT,TPopulationMale1July,2018,,4896.701,thousands,Medium
PT,TPopulationMale1July,2019,,4907.05,thousands,Medium
PT,TPopulationMale1July,2020,,4926.734,thousands,Medium
PT,TPopulationMale1July,2021,,4944.982,thousands,Medium
PT,TPopulationMale1July,2022,,4962.474,thousands,Medium
PT,TPopulationMale1July,2023,,4968.786,thousands,Medium
PT,TPopulationMale1July,2024,,4965.94,thousands,Medium
PT,TPopulationMale1July,2025,,4958.672,thousands,Medium
PT,TPopulationMale1July,2026,,4950.026,thousands,Medium
CA,TPopulationMale1July,2016,,18032.655,thousands,Medium
CA,TPopulationMale1July,2017,,18263.59,thousands,Medium
CA,TPopulationMale1July,2018,,18514.929,thousands,Medium
CA,TPopulationMale1July,2019,,18766.224,thousands,Medium
CA,TPopulationMale1July,2020,,18964.448,thousands,Medium
CA,TPopulationMale1July,2021,,19105.377,thousands,Medium
CA,TPopulationMale1July,2022,,19282.356,thousands,Medium
CA,TPopulationMale1July,2023,,19515.575,thousands,Medium
CA,TPopulationMale1July,2024,,19734.96,thousands,Medium
CA,TPopulationMale1July,2025,,19924.235,thousands,Medium
CA,TPopulationMale1July,2026,,20092.43,thousands,Medium
SZ,TPopulationMale1July,2016,,560.718,thousands,Medium
SZ,TPopulationMale1July,2017,,565.95,thousands,Medium
SZ,TPopulationMale1July,2018,,572.024,thousands,Medium
SZ,TPopulationMale1July,2019,,578.194,thousands,Medium
SZ,TPopulationMale1July,2020,,585.072,thousands,Medium
SZ,TPopulationMale1July,2021,,592.17,thousands,Medium
SZ,TPopulationMale1July,2022,,598.334,thousands,Medium
SZ,TPopulationMale1July,2023,,604.016,thousands,Medium
SZ,TPopulationMale1July,2024,,610.191,thousands,Medium
SZ,TPopulationMale1July,2025,,616.994,thousands,Medium
SZ,TPopulationMale1July,2026,,623.95,thousands,Medium
ES,TPopulationFemale1July,2016,,23745.407,thousands,Medium
ES,TPopulationFemale1July,2017,,23831.398,thousands,Medium
ES,TPopulationFemale1July,2018,,23956.747,thousands,Medium
ES,TPopulationFemale1July,2019,,24135.524,thousands,Medium
ES,TPopulationFemale1July,2020,,24262.247,thousands,Medium
ES,TPopulationFemale1July,2021,,24292.717,thousands,Medium
ES,TPopulationFemale1July,2022,,24342.743,thousands,Medium
ES,TPopulationFemale1July,2023,,24387.156,thousands,Medium
ES,TPopulationFemale1July,2024,,24388.607,thousands,Medium
ES,TPopulationFemale1July,2025,,24382.98,thousands,Medium
ES,TPopulationFemale1July,2026,,24368.467,thousands,Medium
FR,TPopulationFemale1July,2016,,33585.834,thousands,Medium
FR,TPopulationFemale1July,2017,,33679.218,thousands,Medium
FR,TPopulationFemale1July,2018,,33798.505,thousands,Medium
FR,TPopulationFemale1July,2019,,33897.082,thousands,Medium
FR,TPopulationFemale1July,2020,,33981.533,thousands,Medium
FR,TPopulationFemale1July,2021,,34067.064,thousands,Medium
FR,TPopulationFemale1July,2022,,34160.426,thousands,Medium
FR,TPopulationFemale1July,2023,,34236.535,thousands,Medium
FR,TPopulationFemale1July,2024,,34286.854,thousands,Medium
FR,TPopulationFemale1July,2025,,34338.168,thousands,Medium
FR,TPopulationFemale1July,2026,,34387.037,thousands,Medium
IT,TPopulationFemale1July,2016,,31086.497,thousands,Medium
IT,TPopulationFemale1July,2017,,30996.639,thousands,Medium
IT,TPopulationFemale1July,2018,,30898.339,thousands,Medium
IT,TPopulationFemale1July,2019,,30803.652,thousands,Medium
IT,TPopulationFemale1July,2020,,30683.163,thousands,Medium
IT,TPopulationFemale1July,2021,,30575.93,thousands,Medium
IT,TPopulationFemale1July,2022,,30509.575,thousands,Medium
IT,TPopulationFemale1July,2023,,30437.0,thousands,Medium
IT,TPopulationFemale1July,2024,,30339.073,thousands,Medium
IT,TPopulationFemale1July,2025,,30218.791,thousands,Medium
IT,TPopulationFemale1July,2026,,30087.37,thousands,Medium
PT,TPopulationFemale1July,2016,,5436.232,thousands,Medium
PT,TPopulationFemale1July,2017,,5429.033,thousands,Medium
PT,TPopulationFemale1July,2018,,5428.652,thousands,Medium
PT,TPopulationFemale1July,2019,,5436.163,thousands,Medium
PT,TPopulationFemale1July,2020,,5443.784,thousands,Medium
PT,TPopulationFemale1July,2021,,5445.973,thousands,Medium
PT,TPopulationFemale1July,2022,,5454.599,thousands,Medium
PT,TPopulationFemale1July,2023,,5461.952,thousands,Medium
PT,TPopulationFemale1July,2024,,5459.352,thousands,Medium
PT,TPopulationFemale1July,2025,,5453.162,thousands,Medium
PT,TPopulationFemale1July,2026,,5445.336,thousands,Medium
CA,TPopulationFemale1July,2016,,18320.689,thousands,Medium
CA,TPopulationFemale1July,2017,,18544.907,thousands,Medium
CA,TPopulationFemale1July,2018,,18780.076,thousands,Medium
CA,TPopulationFemale1July,2019,,19016.711,thousands,Medium
CA,TPopulationFemale1July,2020,,19207.453,thousands,Medium
CA,TPopulationFemale1July,2021,,19348.679,thousands,Medium
CA,TPopulationFemale1July,2022,,19538.904,thousands,Medium
CA,TPopulationFemale1July,2023,,19783.529,thousands,Medium
CA,TPopulationFemale1July,2024,,20007.47,thousands,Medium
CA,TPopulationFemale1July,2025,,20202.487,thousands,Medium
CA,TPopulationFemale1July,2026,,20375.297,thousands,Medium
SZ,TPopulationFemale1July,2016,,588.79,thousands,Medium
SZ,TPopulationFemale1July,2017,,592.244,thousands,Medium
SZ,TPopulationFemale1July,2018,,596.906,thousands,Medium
SZ,TPopulationFemale1July,2019,,601.68,thousands,Medium
SZ,TPopulationFemale1July,2020,,607.658,thousands,Medium
SZ,TPopulationFemale1July,2021,,614.424,thousands,Medium
SZ,TPopulationFemale1July,2022,,620.582,thousands,Medium
SZ,TPopulationFemale1July,2023,,626.49,thousands,Medium
SZ,TPopulationFemale1July,2024,,632.63,thousands,Medium
SZ,TPopulationFemale1July,2025,,639.18,thousands,Medium
SZ,TPopulationFemale1July,2026,,645.908,thousands,Medium
ES,population_by_Five_year_Age_Groups_Both_Sexes,2021,,1880.1204999999998,thousands,0-4
ES,population_by_Five_year_Age_Groups_Both_Sexes,2022,,1811.811,thousands,0-4
ES,population_by_Five_year_Age_Groups_Both_Sexes,2023,,1762.9375,thousands,0-4
ES,population_by_Five_year_Age_Groups_Both_Sexes,2021,,2250.1155,thousands,5-9
ES,population_by_Five_year_Age_Groups_Both_Sexes,2022,,2202.2055,thousands,5-9
ES,population_by_Five_year_Age_Groups_Both_Sexes,2023,,2149.078,thousands,5-9
ES,population_by_Five_year_Age_Groups_Both_Sexes,2021,,2508.991,thousands,10-14
ES,population_by_Five_year_Age_Groups_Both_Sexes,2022,,2488.6875,thousands,10-14
ES,population_by_Five_year_Age_Groups_Both_Sexes,2023,,2440.4135,thousands,10-14
ES,population_by_Five_year_Age_Groups_Both_Sexes,2021,,2441.181,thousands,15-19
ES,population_by_Five_year_Age_Groups_Both_Sexes,2022,,2482.022,thousands,15-19
ES,population_by_Five_year_Age_Groups_Both_Sexes,2023,,2523.2495,thousands,15-19
ES,population_by_Five_year_Age_Groups_Both_Sexes,2021,,2414.2975,thousands,20-24
ES,population_by_Five_year_Age_Groups_Both_Sexes,2022,,2426.8455,thousands,20-24
ES,population_by_Five_year_Age_Groups_Both_Sexes,2023,,2437.1385,thousands,20-24
ES,population_by_Five_year_Age_Groups_Both_Sexes,2021,,2568.6625,thousands,25-29
ES,population_by_Five_year_Age_Groups_Both_Sexes,2022,,2536.98,thousands,25-29
ES,population_by_Five_year_Age_Groups_Both_Sexes,2023,,2497.2684999999997,thousands,25-29
ES,population_by_Five_year_Age_Groups_Both_Sexes,2021,,2816.0755,thousands,30-34
ES,population_by_Five_year_Age_Groups_Both_Sexes,2022,,2789.5235000000002,thousands,30-34
ES,population_by_Five_year_Age_Groups_Both_Sexes,2023,,2759.065,thousands,30-34
ES,population_by_Five_year_Age_Groups_Both_Sexes,2021,,3191.626,thousands,35-39
ES,population_by_Five_year_Age_Groups_Both_Sexes,2022,,3102.8365,thousands,35-39
ES,population_by_Five_year_Age_Groups_Both_Sexes,2023,,3029.0875,thousands,35-39
ES,population_by_Five_year_Age_Groups_Both_Sexes,2021,,3864.7325000000005,thousands,40-44
ES,population_by_Five_year_Age_Groups_Both_Sexes,2022,,3756.8475,thousands,40-44
ES,population_by_Five_year_Age_Groups_Both_Sexes,2023,,3633.8999999999996,thousands,40-44
ES,population_by_Five_year_Age_Groups_Both_Sexes,2021,,3959.072,thousands,45-49
ES,population_by_Five_year_Age_Groups_Both_Sexes,2022,,4003.9435000000003,thousands,45-49
ES,population_by_Five_year_Age_Groups_Both_Sexes,2023,,4033.417,thousands,45-49
ES,population_by_Five_year_Age_Groups_Both_Sexes,2021,,3750.603,thousands,50-54
ES,population_by_Five_year_Age_Groups_Both_Sexes,2022,,3779.729,thousands,50-54
ES,population_by_Five_year_Age_Groups_Both_Sexes,2023,,3823.3525,thousands,50-54
ES,population_by_Five_year_Age_Groups_Both_Sexes,2021,,3549.2650000000003,thousands,55-59
ES,population_by_Five_year_Age_Groups_Both_Sexes,2022,,3625.354,thousands,55-59
ES,population_by_Five_year_Age_Groups_Both_Sexes,2023,,3681.1915,thousands,55-59
ES,population_by_Five_year_Age_Groups_Both_Sexes,2021,,3082.8720000000003,thousands,60-64
ES,population_by_Five_year_Age_Groups_Both_Sexes,2022,,3166.0035,thousands,60-64
ES,population_by_Five_year_Age_Groups_Both_Sexes,2023,,3245.9629999999997,thousands,60-64
ES,population_by_Five_year_Age_Groups_Both_Sexes,2021,,2520.3514999999998,thousands,65-69
ES,population_by_Five_year_Age_Groups_Both_Sexes,2022,,2596.4925,thousands,65-69
ES,population_by_Five_year_Age_Groups_Both_Sexes,2023,,2689.7954999999997,thousands,65-69
ES,population_by_Five_year_Age_Groups_Both_Sexes,2021,,2230.308,thousands,70-74
ES,population_by_Five_year_Age_Groups_Both_Sexes,2022,,2261.6905,thousands,70-74
ES,population_by_Five_year_Age_Groups_Both_Sexes,2023,,2283.599,thousands,70-74
ES,population_by_Five_year_Age_Groups_Both_Sexes,2021,,1819.79,thousands,75-79
ES,population_by_Five_year_Age_Groups_Both_Sexes,2022,,1891.8745000000001,thousands,75-79
ES,population_by_Five_year_Age_Groups_Both_Sexes,2023,,1960.251,thousands,75-79
ES,population_by_Five_year_Age_Groups_Both_Sexes,2021,,1295.914,thousands,80-84
ES,population_by_Five_year_Age_Groups_Both_Sexes,2022,,1284.183,thousands,80-84
ES,population_by_Five_year_Age_Groups_Both_Sexes,2023,,1333.4524999999999,thousands,80-84
ES,population_by_Five_year_Age_Groups_Both_Sexes,2021,,1010.5055000000001,thousands,85-89
ES,population_by_Five_year_Age_Groups_Both_Sexes,2022,,1013.36,thousands,85-89
ES,population_by_Five_year_Age_Groups_Both_Sexes,2023,,989.9175,thousands,85-89
ES,population_by_Five_year_Age_Groups_Both_Sexes,2021,,456.6465,thousands,90-94
ES,population_by_Five_year_Age_Groups_Both_Sexes,2022,,476.81899999999996,thousands,90-94
ES,population_by_Five_year_Age_Groups_Both_Sexes,2023,,499.2935,thousands,90-94
ES,population_by_Five_year_Age_Groups_Both_Sexes,2021,,112.353,thousands,95-99
ES,population_by_Five_year_Age_Groups_Both_Sexes,2022,,118.029,thousands,95-99
ES,population_by_Five_year_Age_Groups_Both_Sexes,2023,,124.9375,thousands,95-99
ES,population_by_Five_year_Age_Groups_Both_Sexes,2021,,12.181,thousands,100+
ES,population_by_Five_year_Age_Groups_Both_Sexes,2022,,13.145,thousands,100+
ES,population_by_Five_year_Age_Groups_Both_Sexes,2023,,14.271,thousands,100+
FR,population_by_Five_year_Age_Groups_Both_Sexes,2021,,3459.9984999999997,thousands,0-4
FR,population_by_Five_year_Age_Groups_Both_Sexes,2022,,3418.4804999999997,thousands,0-4
FR,population_by_Five_year_Age_Groups_Both_Sexes,2023,,3396.9025,thousands,0-4
FR,population_by_Five_year_Age_Groups_Both_Sexes,2021,,3851.2735000000002,thousands,5-9
FR,population_by_Five_year_Age_Groups_Both_Sexes,2022,,3806.7805000000003,thousands,5-9
FR,population_by_Five_year_Age_Groups_Both_Sexes,2023,,3720.1965,thousands,5-9
FR,population_by_Five_year_Age_Groups_Both_Sexes,2021,,4084.972,thousands,10-14
FR,population_by_Five_year_Age_Groups_Both_Sexes,2022,,4062.7200000000003,thousands,10-14
FR,population_by_Five_year_Age_Groups_Both_Sexes,2023,,4034.5099999999998,thousands,10-14
FR,population_by_Five_year_Age_Groups_Both_Sexes,2021,,4053.9875,thousands,15-19
FR,population_by_Five_year_Age_Groups_Both_Sexes,2022,,4084.7700000000004,thousands,15-19
FR,population_by_Five_year_Age_Groups_Both_Sexes,2023,,4104.08,thousands,15-19
FR,population_by_Five_year_Age_Groups_Both_Sexes,2021,,3949.6365,thousands,20-24
FR,population_by_Five_year_Age_Groups_Both_Sexes,2022,,4010.3435,thousands,20-24
FR,population_by_Five_year_Age_Groups_Both_Sexes,2023,,4023.6209999999996,thousands,20-24
FR,population_by_Five_year_Age_Groups_Both_Sexes,2021,,3691.3525000000004,thousands,25-29
FR,population_by_Five_year_Age_Groups_Both_Sexes,2022,,3707.2084999999997,thousands,25-29
FR,population_by_Five_year_Age_Groups_Both_Sexes,2023,,3774.1055000000006,thousands,25-29
FR,population_by_Five_year_Age_Groups_Both_Sexes,2021,,3939.8475000000003,thousands,30-34
FR,population_by_Five_year_Age_Groups_Both_Sexes,2022,,3909.9314999999997,thousands,30-34
FR,population_by_Five_year_Age_Groups_Both_Sexes,2023,,3856.133,thousands,30-34
FR,population_by_Five_year_Age_Groups_Both_Sexes,2021,,3999.5245,thousands,35-39
FR,population_by_Five_year_Age_Groups_Both_Sexes,2022,,3977.662,thousands,35-39
FR,population_by_Five_year_Age_Groups_Both_Sexes,2023,,3982.1815,thousands,35-39
FR,population_by_Five_year_Age_Groups_Both_Sexes,2021,,4135.150000000001,thousands,40-44
FR,population_by_Five_year_Age_Groups_Both_Sexes,2022,,4162.128000000001,thousands,40-44
FR,population_by_Five_year_Age_Groups_Both_Sexes,2023,,4146.768,thousands,40-44
FR,population_by_Five_year_Age_Groups_Both_Sexes,2021,,4292.211,thousands,45-49
FR,population_by_Five_year_Age_Groups_Both_Sexes,2022,,4203.534500000001,thousands,45-49
FR,population_by_Five_year_Age_Groups_Both_Sexes,2023,,4127.602,thousands,45-49
FR,population_by_Five_year_Age_Groups_Both_Sexes,2021,,4302.087500000001,thousands,50-54
FR,population_by_Five_year_Age_Groups_Both_Sexes,2022,,4339.6494999999995,thousands,50-54
FR,population_by_Five_year_Age_Groups_Both_Sexes,2023,,4388.9825,thousands,50-54
FR,population_by_Five_year_Age_Groups_Both_Sexes,2021,,4305.7735,thousands,55-59
FR,population_by_Five_year_Age_Groups_Both_Sexes,2022,,4306.1635,thousands,55-59
FR,population_by_Five_year_Age_Groups_Both_Sexes,2023,,4288.1269999999995,thousands,55-59
FR,population_by_Five_year_Age_Groups_Both_Sexes,2021,,4106.648,thousands,60-64
FR,population_by_Five_year_Age_Groups_Both_Sexes,2022,,4119.6835,thousands,60-64
FR,population_by_Five_year_Age_Groups_Both_Sexes,2023,,4145.7385,thousands,60-64
FR,population_by_Five_year_Age_Groups_Both_Sexes,2021,,3845.3859999999995,thousands,65-69
FR,population_by_Five_year_Age_Groups_Both_Sexes,2022,,3859.9399999999996,thousands,65-69
FR,population_by_Five_year_Age_Groups_Both_Sexes,2023,,3878.4595000000004,thousands,65-69
FR,population_by_Five_year_Age_Groups_Both_Sexes,2021,,3652.5735,thousands,70-74
FR,population_by_Five_year_Age_Groups_Both_Sexes,2022,,3659.7629999999995,thousands,70-74
FR,population_by_Five_year_Age_Groups_Both_Sexes,2023,,3652.8325,thousands,70-74
FR,population_by_Five_year_Age_Groups_Both_Sexes,2021,,2349.116,thousands,75-79
FR,population_by_Five_year_Age_Groups_Both_Sexes,2022,,2589.8755,thousands,75-79
FR,population_by_Five_year_Age_Groups_Both_Sexes,2023,,2818.4320000000002,thousands,75-79
FR,population_by_Five_year_Age_Groups_Both_Sexes,2021,,1790.376,thousands,80-84
FR,population_by_Five_year_Age_Groups_Both_Sexes,2022,,1770.1035,thousands,80-84
FR,population_by_Five_year_Age_Groups_Both_Sexes,2023,,1791.701,thousands,80-84
FR,population_by_Five_year_Age_Groups_Both_Sexes,2021,,1349.6084999999998,thousands,85-89
FR,population_by_Five_year_Age_Groups_Both_Sexes,2022,,1344.4475000000002,thousands,85-89
FR,population_by_Five_year_Age_Groups_Both_Sexes,2023,,1343.8110000000001,thousands,85-89
FR,population_by_Five_year_Age_Groups_Both_Sexes,2021,,694.876,thousands,90-94
FR,population_by_Five_year_Age_Groups_Both_Sexes,2022,,708.5505,thousands,90-94
FR,population_by_Five_year_Age_Groups_Both_Sexes,2023,,722.0875000000001,thousands,90-94
FR,population_by_Five_year_Age_Groups_Both_Sexes,2021,,204.32699999999997,thousands,95-99
FR,population_by_Five_year_Age_Groups_Both_Sexes,2022,,208.04699999999997,thousands,95-99
FR,population_by_Five_year_Age_Groups_Both_Sexes,2023,,213.0755,thousands,95-99
FR,population_by_Five_year_Age_Groups_Both_Sexes,2021,,24.822,thousands,100+
FR,population_by_Five_year_Age_Groups_Both_Sexes,2022,,27.626,thousands,100+
FR,population_by_Five_year_Age_Groups_Both_Sexes,2023,,29.475,thousands,100+
IT,population_by_Five_year_Age_Groups_Both_Sexes,2021,,2177.469,thousands,0-4
IT,population_by_Five_year_Age_Groups_Both_Sexes,2022,,2120.2160000000003,thousands,0-4
IT,population_by_Five_year_Age_Groups_Both_Sexes,2023,,2068.5285,thousands,0-4
IT,population_by_Five_year_Age_Groups_Both_Sexes,2021,,2538.5935,thousands,5-9
IT,population_by_Five_year_Age_Groups_Both_Sexes,2022,,2478.651,thousands,5-9
IT,population_by_Five_year_Age_Groups_Both_Sexes,2023,,2416.4705000000004,thousands,5-9
IT,population_by_Five_year_Age_Groups_Both_Sexes,2021,,2818.6035,thousands,10-14
IT,population_by_Five_year_Age_Groups_Both_Sexes,2022,,2787.8105,thousands,10-14
IT,population_by_Five_year_Age_Groups_Both_Sexes,2023,,2740.8735,thousands,10-14
IT,population_by_Five_year_Age_Groups_Both_Sexes,2021,,2867.8075,thousands,15-19
IT,population_by_Five_year_Age_Groups_Both_Sexes,2022,,2882.8075,thousands,15-19
IT,population_by_Five_year_Age_Groups_Both_Sexes,2023,,2897.227,thousands,15-19
IT,population_by_Five_year_Age_Groups_Both_Sexes,2021,,2995.657,thousands,20-24
IT,population_by_Five_year_Age_Groups_Both_Sexes,2022,,3006.4900000000002,thousands,20-24
IT,population_by_Five_year_Age_Groups_Both_Sexes,2023,,3010.0835,thousands,20-24
IT,population_by_Five_year_Age_Groups_Both_Sexes,2021,,3119.5235000000002,thousands,25-29
IT,population_by_Five_year_Age_Groups_Both_Sexes,2022,,3100.325,thousands,25-29
IT,population_by_Five_year_Age_Groups_Both_Sexes,2023,,3100.4934999999996,thousands,25-29
IT,population_by_Five_year_Age_Groups_Both_Sexes,2021,,3315.0244999999995,thousands,30-34
IT,population_by_Five_year_Age_Groups_Both_Sexes,2022,,3350.014,thousands,30-34
IT,population_by_Five_year_Age_Groups_Both_Sexes,2023,,3353.9655000000002,thousands,30-34
IT,population_by_Five_year_Age_Groups_Both_Sexes,2021,,3481.9680000000003,thousands,35-39
IT,population_by_Five_year_Age_Groups_Both_Sexes,2022,,3405.321,thousands,35-39
IT,population_by_Five_year_Age_Groups_Both_Sexes,2023,,3369.652,thousands,35-39
IT,population_by_Five_year_Age_Groups_Both_Sexes,2021,,3998.626,thousands,40-44
IT,population_by_Five_year_Age_Groups_Both_Sexes,2022,,3884.5774999999994,thousands,40-44
IT,population_by_Five_year_Age_Groups_Both_Sexes,2023,,3781.783,thousands,40-44
IT,population_by_Five_year_Age_Groups_Both_Sexes,2021,,4672.6625,thousands,45-49
IT,population_by_Five_year_Age_Groups_Both_Sexes,2022,,4575.1785,thousands,45-49
IT,population_by_Five_year_Age_Groups_Both_Sexes,2023,,4454.99,thousands,45-49
IT,population_by_Five_year_Age_Groups_Both_Sexes,2021,,4837.2744999999995,thousands,50-54
IT,population_by_Five_year_Age_Groups_Both_Sexes,2022,,4817.7964999999995,thousands,50-54
IT,population_by_Five_year_Age_Groups_Both_Sexes,2023,,4784.6810000000005,thousands,50-54
IT,population_by_Five_year_Age_Groups_Both_Sexes,2021,,4716.171,thousands,55-59
IT,population_by_Five_year_Age_Groups_Both_Sexes,2022,,4786.134,thousands,55-59
IT,population_by_Five_year_Age_Groups_Both_Sexes,2023,,4826.014499999999,thousands,55-59
IT,population_by_Five_year_Age_Groups_Both_Sexes,2021,,4056.8265,thousands,60-64
IT,population_by_Five_year_Age_Groups_Both_Sexes,2022,,4157.4220000000005,thousands,60-64
IT,population_by_Five_year_Age_Groups_Both_Sexes,2023,,4284.647,thousands,60-64
IT,population_by_Five_year_Age_Groups_Both_Sexes,2021,,3549.6980000000003,thousands,65-69
IT,population_by_Five_year_Age_Groups_Both_Sexes,2022,,3595.544,thousands,65-69
IT,population_by_Five_year_Age_Groups_Both_Sexes,2023,,3654.6319999999996,thousands,65-69
IT,population_by_Five_year_Age_Groups_Both_Sexes,2021,,3401.5865000000003,thousands,70-74
IT,population_by_Five_year_Age_Groups_Both_Sexes,2022,,3368.4784999999997,thousands,70-74
IT,population_by_Five_year_Age_Groups_Both_Sexes,2023,,3320.1594999999998,thousands,70-74
IT,population_by_Five_year_Age_Groups_Both_Sexes,2021,,2638.052,thousands,75-79
IT,population_by_Five_year_Age_Groups_Both_Sexes,2022,,2712.244,thousands,75-79
IT,population_by_Five_year_Age_Groups_Both_Sexes,2023,,2831.674,thousands,75-79
IT,population_by_Five_year_Age_Groups_Both_Sexes,2021,,2290.8715,thousands,80-84
IT,population_by_Five_year_Age_Groups_Both_Sexes,2022,,2292.983,thousands,80-84
IT,population_by_Five_year_Age_Groups_Both_Sexes,2023,,2258.2525,thousands,80-84
IT,population_by_Five_year_Age_Groups_Both_Sexes,2021,,1421.8300000000002,thousands,85-89
IT,population_by_Five_year_Age_Groups_Both_Sexes,2022,,1440.9375,thousands,85-89
IT,population_by_Five_year_Age_Groups_Both_Sexes,2023,,1476.2420000000002,thousands,85-89
IT,population_by_Five_year_Age_Groups_Both_Sexes,2021,,646.9305,thousands,90-94
IT,population_by_Five_year_Age_Groups_Both_Sexes,2022,,665.26,thousands,90-94
IT,population_by_Five_year_Age_Groups_Both_Sexes,2023,,674.187,thousands,90-94
IT,population_by_Five_year_Age_Groups_Both_Sexes,2021,,166.80499999999998,thousands,95-99
IT,population_by_Five_year_Age_Groups_Both_Sexes,2022,,171.4445,thousands,95-99
IT,population_by_Five_year_Age_Groups_Both_Sexes,2023,,174.0635,thousands,95-99
IT,population_by_Five_year_Age_Groups_Both_Sexes,2021,,17.3695,thousands,100+
IT,population_by_Five_year_Age_Groups_Both_Sexes,2022,,19.4795,thousands,100+
IT,population_by_Five_year_Age_Groups_Both_Sexes,2023,,20.833,thousands,100+
PT,population_by_Five_year_Age_Groups_Both_Sexes,2021,,430.365,thousands,0-4
PT,population_by_Five_year_Age_Groups_Both_Sexes,2022,,426.77049999999997,thousands,0-4
PT,population_by_Five_year_Age_Groups_Both_Sexes,2023,,426.13199999999995,thousands,0-4
PT,population_by_Five_year_Age_Groups_Both_Sexes,2021,,436.67249999999996,thousands,5-9
PT,population_by_Five_year_Age_Groups_Both_Sexes,2022,,432.8985,thousands,5-9
PT,population_by_Five_year_Age_Groups_Both_Sexes,2023,,435.1385,thousands,5-9
PT,population_by_Five_year_Age_Groups_Both_Sexes,2021,,498.9035,thousands,10-14
PT,population_by_Five_year_Age_Groups_Both_Sexes,2022,,494.7815,thousands,10-14
PT,population_by_Five_year_Age_Groups_Both_Sexes,2023,,483.63200000000006,thousands,10-14
PT,population_by_Five_year_Age_Groups_Both_Sexes,2021,,530.6835,thousands,15-19
PT,population_by_Five_year_Age_Groups_Both_Sexes,2022,,526.052,thousands,15-19
PT,population_by_Five_year_Age_Groups_Both_Sexes,2023,,521.0565,thousands,15-19
PT,population_by_Five_year_Age_Groups_Both_Sexes,2021,,559.8295,thousands,20-24
PT,population_by_Five_year_Age_Groups_Both_Sexes,2022,,561.7855,thousands,20-24
PT,population_by_Five_year_Age_Groups_Both_Sexes,2023,,561.7495,thousands,20-24
PT,population_by_Five_year_Age_Groups_Both_Sexes,2021,,544.0335,thousands,25-29
PT,population_by_Five_year_Age_Groups_Both_Sexes,2022,,545.885,thousands,25-29
PT,population_by_Five_year_Age_Groups_Both_Sexes,2023,,547.7975,thousands,25-29
PT,population_by_Five_year_Age_Groups_Both_Sexes,2021,,562.5999999999999,thousands,30-34
PT,population_by_Five_year_Age_Groups_Both_Sexes,2022,,564.8435,thousands,30-34
PT,population_by_Five_year_Age_Groups_Both_Sexes,2023,,564.371,thousands,30-34
PT,population_by_Five_year_Age_Groups_Both_Sexes,2021,,643.1025,thousands,35-39
PT,population_by_Five_year_Age_Groups_Both_Sexes,2022,,624.571,thousands,35-39
PT,population_by_Five_year_Age_Groups_Both_Sexes,2023,,606.1045,thousands,35-39
PT,population_by_Five_year_Age_Groups_Both_Sexes,2021,,754.8515,thousands,40-44
PT,population_by_Five_year_Age_Groups_Both_Sexes,2022,,733.497,thousands,40-44
PT,population_by_Five_year_Age_Groups_Both_Sexes,2023,,714.7605,thousands,40-44
PT,population_by_Five_year_Age_Groups_Both_Sexes,2021,,802.4259999999999,thousands,45-49
PT,population_by_Five_year_Age_Groups_Both_Sexes,2022,,811.038,thousands,45-49
PT,population_by_Five_year_Age_Groups_Both_Sexes,2023,,811.846,thousands,45-49
PT,population_by_Five_year_Age_Groups_Both_Sexes,2021,,751.112,thousands,50-54
PT,population_by_Five_year_Age_Groups_Both_Sexes,2022,,759.7675,thousands,50-54
PT,population_by_Five_year_Age_Groups_Both_Sexes,2023,,770.1315,thousands,50-54
PT,population_by_Five_year_Age_Groups_Both_Sexes,2021,,745.9749999999999,thousands,55-59
PT,population_by_Five_year_Age_Groups_Both_Sexes,2022,,748.014,thousands,55-59
PT,population_by_Five_year_Age_Groups_Both_Sexes,2023,,748.915,thousands,55-59
PT,population_by_Five_year_Age_Groups_Both_Sexes,2021,,710.2570000000001,thousands,60-64
PT,population_by_Five_year_Age_Groups_Both_Sexes,2022,,719.5719999999999,thousands,60-64
PT,population_by_Five_year_Age_Groups_Both_Sexes,2023,,724.0949999999999,thousands,60-64
PT,population_by_Five_year_Age_Groups_Both_Sexes,2021,,654.9644999999999,thousands,65-69
PT,population_by_Five_year_Age_Groups_Both_Sexes,2022,,662.1890000000001,thousands,65-69
PT,population_by_Five_year_Age_Groups_Both_Sexes,2023,,671.1215,thousands,65-69
PT,population_by_Five_year_Age_Groups_Both_Sexes,2021,,594.2655,thousands,70-74
PT,population_by_Five_year_Age_Groups_Both_Sexes,2022,,610.302,thousands,70-74
PT,population_by_Five_year_Age_Groups_Both_Sexes,2023,,616.3910000000001,thousands,70-74
PT,population_by_Five_year_Age_Groups_Both_Sexes,2021,,470.406,thousands,75-79
PT,population_by_Five_year_Age_Groups_Both_Sexes,2022,,486.81100000000004,thousands,75-79
PT,population_by_Five_year_Age_Groups_Both_Sexes,2023,,505.122,thousands,75-79
PT,population_by_Five_year_Age_Groups_Both_Sexes,2021,,351.3855,thousands,80-84
PT,population_by_Five_year_Age_Groups_Both_Sexes,2022,,351.5325,thousands,80-84
PT,population_by_Five_year_Age_Groups_Both_Sexes,2023,,356.46150000000006,thousands,80-84
PT,population_by_Five_year_Age_Groups_Both_Sexes,2021,,227.52550000000002,thousands,85-89
PT,population_by_Five_year_Age_Groups_Both_Sexes,2022,,230.9055,thousands,85-89
PT,population_by_Five_year_Age_Groups_Both_Sexes,2023,,234.9525,thousands,85-89
PT,population_by_Five_year_Age_Groups_Both_Sexes,2021,,95.627,thousands,90-94
PT,population_by_Five_year_Age_Groups_Both_Sexes,2022,,99.10449999999999,thousands,90-94
PT,population_by_Five_year_Age_Groups_Both_Sexes,2023,,102.9955,thousands,90-94
PT,population_by_Five_year_Age_Groups_Both_Sexes,2021,,23.311999999999998,thousands,95-99
PT,population_by_Five_year_Age_Groups_Both_Sexes,2022,,23.9575,thousands,95-99
PT,population_by_Five_year_Age_Groups_Both_Sexes,2023,,24.995,thousands,95-99
PT,population_by_Five_year_Age_Groups_Both_Sexes,2021,,2.658,thousands,100+
PT,population_by_Five_year_Age_Groups_Both_Sexes,2022,,2.7945,thousands,100+
PT,population_by_Five_year_Age_Groups_Both_Sexes,2023,,2.9695,thousands,100+
CA,population_by_Five_year_Age_Groups_Both_Sexes,2021,,1903.748,thousands,0-4
CA,population_by_Five_year_Age_Groups_Both_Sexes,2022,,1888.6135000000002,thousands,0-4
CA,population_by_Five_year_Age_Groups_Both_Sexes,2023,,1879.2095,thousands,0-4
CA,population_by_Five_year_Age_Groups_Both_Sexes,2021,,2050.067,thousands,5-9
CA,population_by_Five_year_Age_Groups_Both_Sexes,2022,,2037.9809999999998,thousands,5-9
CA,population_by_Five_year_Age_Groups_Both_Sexes,2023,,2024.261,thousands,5-9
CA,population_by_Five_year_Age_Groups_Both_Sexes,2021,,2100.0409999999997,thousands,10-14
CA,population_by_Five_year_Age_Groups_Both_Sexes,2022,,2109.299,thousands,10-14
CA,population_by_Five_year_Age_Groups_Both_Sexes,2023,,2111.078,thousands,10-14
CA,population_by_Five_year_Age_Groups_Both_Sexes,2021,,2080.8755,thousands,15-19
CA,population_by_Five_year_Age_Groups_Both_Sexes,2022,,2091.6855,thousands,15-19
CA,population_by_Five_year_Age_Groups_Both_Sexes,2023,,2136.3044999999997,thousands,15-19
CA,population_by_Five_year_Age_Groups_Both_Sexes,2021,,2473.612,thousands,20-24
CA,population_by_Five_year_Age_Groups_Both_Sexes,2022,,2463.5080000000003,thousands,20-24
CA,population_by_Five_year_Age_Groups_Both_Sexes,2023,,2460.7235,thousands,20-24
CA,population_by_Five_year_Age_Groups_Both_Sexes,2021,,2659.6349999999998,thousands,25-29
CA,population_by_Five_year_Age_Groups_Both_Sexes,2022,,2686.8835,thousands,25-29
CA,population_by_Five_year_Age_Groups_Both_Sexes,2023,,2736.5905,thousands,25-29
CA,population_by_Five_year_Age_Groups_Both_Sexes,2021,,2710.1475,thousands,30-34
CA,population_by_Five_year_Age_Groups_Both_Sexes,2022,,2761.6655,thousands,30-34
CA,population_by_Five_year_Age_Groups_Both_Sexes,2023,,2825.9595,thousands,30-34
CA,population_by_Five_year_Age_Groups_Both_Sexes,2021,,2672.3320000000003,thousands,35-39
CA,population_by_Five_year_Age_Groups_Both_Sexes,2022,,2706.776,thousands,35-39
CA,population_by_Five_year_Age_Groups_Both_Sexes,2023,,2749.4125000000004,thousands,35-39
CA,population_by_Five_year_Age_Groups_Both_Sexes,2021,,2520.246,thousands,40-44
CA,population_by_Five_year_Age_Groups_Both_Sexes,2022,,2574.5014999999994,thousands,40-44
CA,population_by_Five_year_Age_Groups_Both_Sexes,2023,,2638.3509999999997,thousands,40-44
CA,population_by_Five_year_Age_Groups_Both_Sexes,2021,,2399.679,thousands,45-49
CA,population_by_Five_year_Age_Groups_Both_Sexes,2022,,2415.1150000000002,thousands,45-49
CA,population_by_Five_year_Age_Groups_Both_Sexes,2023,,2448.1525,thousands,45-49
CA,population_by_Five_year_Age_Groups_Both_Sexes,2021,,2451.0865,thousands,50-54
CA,population_by_Five_year_Age_Groups_Both_Sexes,2022,,2439.8335,thousands,50-54
CA,population_by_Five_year_Age_Groups_Both_Sexes,2023,,2433.8275,thousands,50-54
CA,population_by_Five_year_Age_Groups_Both_Sexes,2021,,2717.8999999999996,thousands,55-59
CA,population_by_Five_year_Age_Groups_Both_Sexes,2022,,2652.4125000000004,thousands,55-59
CA,population_by_Five_year_Age_Groups_Both_Sexes,2023,,2577.4525000000003,thousands,55-59
CA,population_by_Five_year_Age_Groups_Both_Sexes,2021,,2607.509,thousands,60-64
CA,population_by_Five_year_Age_Groups_Both_Sexes,2022,,2639.9480000000003,thousands,60-64
CA,population_by_Five_year_Age_Groups_Both_Sexes,2023,,2670.2144999999996,thousands,60-64
CA,population_by_Five_year_Age_Groups_Both_Sexes,2021,,2241.9610000000002,thousands,65-69
CA,population_by_Five_year_Age_Groups_Both_Sexes,2022,,2309.0295,thousands,65-69
CA,population_by_Five_year_Age_Groups_Both_Sexes,2023,,2371.0735,thousands,65-69
CA,population_by_Five_year_Age_Groups_Both_Sexes,2021,,1843.1820000000002,thousands,70-74
CA,population_by_Five_year_Age_Groups_Both_Sexes,2022,,1880.176,thousands,70-74
CA,population_by_Five_year_Age_Groups_Both_Sexes,2023,,1920.288,thousands,70-74
CA,population_by_Five_year_Age_Groups_Both_Sexes,2021,,1293.125,thousands,75-79
CA,population_by_Five_year_Age_Groups_Both_Sexes,2022,,1378.4230000000002,thousands,75-79
CA,population_by_Five_year_Age_Groups_Both_Sexes,2023,,1463.503,thousands,75-79
CA,population_by_Five_year_Age_Groups_Both_Sexes,2021,,842.673,thousands,80-84
CA,population_by_Five_year_Age_Groups_Both_Sexes,2022,,879.633,thousands,80-84
CA,population_by_Five_year_Age_Groups_Both_Sexes,2023,,924.3505,thousands,80-84
CA,population_by_Five_year_Age_Groups_Both_Sexes,2021,,532.5525,thousands,85-89
CA,population_by_Five_year_Age_Groups_Both_Sexes,2022,,540.7955000000001,thousands,85-89
CA,population_by_Five_year_Age_Groups_Both_Sexes,2023,,552.8525,thousands,85-89
CA,population_by_Five_year_Age_Groups_Both_Sexes,2021,,264.031,thousands,90-94
CA,population_by_Five_year_Age_Groups_Both_Sexes,2022,,271.629,thousands,90-94
CA,population_by_Five_year_Age_Groups_Both_Sexes,2023,,278.3575,thousands,90-94
CA,population_by_Five_year_Age_Groups_Both_Sexes,2021,,78.2035,thousands,95-99
CA,population_by_Five_year_Age_Groups_Both_Sexes,2022,,80.967,thousands,95-99
CA,population_by_Five_year_Age_Groups_Both_Sexes,2023,,83.9415,thousands,95-99
CA,population_by_Five_year_Age_Groups_Both_Sexes,2021,,11.4505,thousands,100+
CA,population_by_Five_year_Age_Groups_Both_Sexes,2022,,12.3835,thousands,100+
CA,population_by_Five_year_Age_Groups_Both_Sexes,2023,,13.201,thousands,100+
SZ,population_by_Five_year_Age_Groups_Both_Sexes,2021,,142.47799999999998,thousands,0-4
SZ,population_by_Five_year_Age_Groups_Both_Sexes,2022,,142.458,thousands,0-4
SZ,population_by_Five_year_Age_Groups_Both_Sexes,2023,,142.151,thousands,0-4
SZ,population_by_Five_year_Age_Groups_Both_Sexes,2021,,137.722,thousands,5-9
SZ,population_by_Five_year_Age_Groups_Both_Sexes,2022,,137.75400000000002,thousands,5-9
SZ,population_by_Five_year_Age_Groups_Both_Sexes,2023,,138.032,thousands,5-9
SZ,population_by_Five_year_Age_Groups_Both_Sexes,2021,,133.4805,thousands,10-14
SZ,population_by_Five_year_Age_Groups_Both_Sexes,2022,,133.617,thousands,10-14
SZ,population_by_Five_year_Age_Groups_Both_Sexes,2023,,134.11599999999999,thousands,10-14
SZ,population_by_Five_year_Age_Groups_Both_Sexes,2021,,126.95700000000001,thousands,15-19
SZ,population_by_Five_year_Age_Groups_Both_Sexes,2022,,127.829,thousands,15-19
SZ,population_by_Five_year_Age_Groups_Both_Sexes,2023,,128.7115,thousands,15-19
SZ,population_by_Five_year_Age_Groups_Both_Sexes,2021,,118.54299999999999,thousands,20-24
SZ,population_by_Five_year_Age_Groups_Both_Sexes,2022,,119.398,thousands,20-24
SZ,population_by_Five_year_Age_Groups_Both_Sexes,2023,,119.65599999999999,thousands,20-24
SZ,population_by_Five_year_Age_Groups_Both_Sexes,2021,,107.149,thousands,25-29
SZ,population_by_Five_year_Age_Groups_Both_Sexes,2022,,107.1425,thousands,25-29
SZ,population_by_Five_year_Age_Groups_Both_Sexes,2023,,106.8675,thousands,25-29
SZ,population_by_Five_year_Age_Groups_Both_Sexes,2021,,97.9805,thousands,30-34
SZ,population_by_Five_year_Age_Groups_Both_Sexes,2022,,98.4525,thousands,30-34
SZ,population_by_Five_year_Age_Groups_Both_Sexes,2023,,98.7745,thousands,30-34
SZ,population_by_Five_year_Age_Groups_Both_Sexes,2021,,84.5575,thousands,35-39
SZ,population_by_Five_year_Age_Groups_Both_Sexes,2022,,86.5735,thousands,35-39
SZ,population_by_Five_year_Age_Groups_Both_Sexes,2023,,87.80449999999999,thousands,35-39
SZ,population_by_Five_year_Age_Groups_Both_Sexes,2021,,64.732,thousands,40-44
SZ,population_by_Five_year_Age_Groups_Both_Sexes,2022,,67.9625,thousands,40-44
SZ,population_by_Five_year_Age_Groups_Both_Sexes,2023,,71.1345,thousands,40-44
SZ,population_by_Five_year_Age_Groups_Both_Sexes,2021,,47.247,thousands,45-49
SZ,population_by_Five_year_Age_Groups_Both_Sexes,2022,,49.545,thousands,45-49
SZ,population_by_Five_year_Age_Groups_Both_Sexes,2023,,51.83,thousands,45-49
SZ,population_by_Five_year_Age_Groups_Both_Sexes,2021,,40.0005,thousands,50-54
SZ,population_by_Five_year_Age_Groups_Both_Sexes,2022,,40.187,thousands,50-54
SZ,population_by_Five_year_Age_Groups_Both_Sexes,2023,,39.7865,thousands,50-54
SZ,population_by_Five_year_Age_Groups_Both_Sexes,2021,,31.5995,thousands,55-59
SZ,population_by_Five_year_Age_Groups_Both_Sexes,2022,,32.336999999999996,thousands,55-59
SZ,population_by_Five_year_Age_Groups_Both_Sexes,2023,,33.7765,thousands,55-59
SZ,population_by_Five_year_Age_Groups_Both_Sexes,2021,,26.813499999999998,thousands,60-64
SZ,population_by_Five_year_Age_Groups_Both_Sexes,2022,,26.7205,thousands,60-64
SZ,population_by_Five_year_Age_Groups_Both_Sexes,2023,,26.838,thousands,60-64
SZ,population_by_Five_year_Age_Groups_Both_Sexes,2021,,19.826,thousands,65-69
SZ,population_by_Five_year_Age_Groups_Both_Sexes,2022,,20.504,thousands,65-69
SZ,population_by_Five_year_Age_Groups_Both_Sexes,2023,,21.221999999999998,thousands,65-69
SZ,population_by_Five_year_Age_Groups_Both_Sexes,2021,,13.0515,thousands,70-74
SZ,population_by_Five_year_Age_Groups_Both_Sexes,2022,,13.369,thousands,70-74
SZ,population_by_Five_year_Age_Groups_Both_Sexes,2023,,13.994,thousands,70-74
SZ,population_by_Five_year_Age_Groups_Both_Sexes,2021,,8.2225,thousands,75-79
SZ,population_by_Five_year_Age_Groups_Both_Sexes,2022,,8.5745,thousands,75-79
SZ,population_by_Five_year_Age_Groups_Both_Sexes,2023,,8.9605,thousands,75-79
SZ,population_by_Five_year_Age_Groups_Both_Sexes,2021,,4.2615,thousands,80-84
SZ,population_by_Five_year_Age_Groups_Both_Sexes,2022,,4.457000000000001,thousands,80-84
SZ,population_by_Five_year_Age_Groups_Both_Sexes,2023,,4.649500000000001,thousands,80-84
SZ,population_by_Five_year_Age_Groups_Both_Sexes,2021,,1.4740000000000002,thousands,85-89
SZ,population_by_Five_year_Age_Groups_Both_Sexes,2022,,1.5505,thousands,85-89
SZ,population_by_Five_year_Age_Groups_Both_Sexes,2023,,1.6920000000000002,thousands,85-89
SZ,population_by_Five_year_Age_Groups_Both_Sexes,2021,,0.411,thousands,90-94
SZ,population_by_Five_year_Age_Groups_Both_Sexes,2022,,0.40299999999999997,thousands,90-94
SZ,population_by_Five_year_Age_Groups_Both_Sexes,2023,,0.4225,thousands,90-94
SZ,population_by_Five_year_Age_Groups_Both_Sexes,2021,,0.0795,thousands,95-99
SZ,population_by_Five_year_Age_Groups_Both_Sexes,2022,,0.07600000000000001,thousands,95-99
SZ,population_by_Five_year_Age_Groups_Both_Sexes,2023,,0.0795,thousands,95-99
SZ,population_by_Five_year_Age_Groups_Both_Sexes,2021,,0.0075,thousands,100+
SZ,population_by_Five_year_Age_Groups_Both_Sexes,2022,,0.006,thousands,100+
SZ,population_by_Five_year_Age_Groups_Both_Sexes,2023,,0.0075,thousands,100+
