geo,indicator,date,month,value,unit
ESP,unemployment_rate,2021,,14.9,percent
ESP,unemployment_rate,2022,,13.0,percent
ESP,unemployment_rate,2023,,12.2,percent
ESP,unemployment_rate,2024,,11.3,percent
ESP,unemployment_rate,2025,,10.8,percent
FRA,unemployment_rate,2021,,7.9,percent
FRA,unemployment_rate,2022,,7.3,percent
FRA,unemployment_rate,2023,,7.3,percent
FRA,unemployment_rate,2024,,7.4,percent
FRA,unemployment_rate,2025,,7.6,percent
ITA,unemployment_rate,2021,,9.5,percent
ITA,unemployment_rate,2022,,8.1,percent
ITA,unemployment_rate,2023,,7.7,percent
ITA,unemployment_rate,2024,,6.6,percent
ITA,unemployment_rate,2025,,6.7,percent
PRT,unemployment_rate,2021,,6.7,percent
PRT,unemployment_rate,2022,,6.2,percent
PRT,unemployment_rate,2023,,6.6,percent
PRT,unemployment_rate,2024,,6.5,percent
PRT,unemployment_rate,2025,,6.4,percent
CAN,unemployment_rate,2021,,7.5,percent
CAN,unemployment_rate,2022,,5.3,percent
CAN,unemployment_rate,2023,,5.4,percent
CAN,unemployment_rate,2024,,6.4,percent
CAN,unemployment_rate,2025,,6.9,percent
ESP,gdp_current_prices,2016,,1242.673,billions_of_dollars
ESP,gdp_current_prices,2017,,1321.288,billions_of_dollars
ESP,gdp_current_prices,2018,,1432.292,billions_of_dollars
ESP,gdp_current_prices,2019,,1403.651,billions_of_dollars
ESP,gdp_current_prices,2020,,1288.751,billions_of_dollars
ESP,gdp_current_prices,2021,,1462.216,billions_of_dollars
ESP,gdp_current_prices,2022,,1449.99,billions_of_dollars
ESP,gdp_current_prices,2023,,1619.949,billions_of_dollars
ESP,gdp_current_prices,2024,,1725.152,billions_of_dollars
ESP,gdp_current_prices,2025,,1891.371,billions_of_dollars
FRA,gdp_current_prices,2016,,2469.726,billions_of_dollars
FRA,gdp_current_prices,2017,,2587.955,billions_of_dollars
FRA,gdp_current_prices,2018,,2782.838,billions_of_dollars
FRA,gdp_current_prices,2019,,2723.094,billions_of_dollars
FRA,gdp_current_prices,2020,,2645.806,billions_of_dollars
FRA,gdp_current_prices,2021,,2968.405,billions_of_dollars
FRA,gdp_current_prices,2022,,2796.987,billions_of_dollars
FRA,gdp_current_prices,2023,,3061.093,billions_of_dollars
FRA,gdp_current_prices,2024,,3160.902,billions_of_dollars
FRA,gdp_current_prices,2025,,3361.557,billions_of_dollars
ITA,gdp_current_prices,2016,,1886.59,billions_of_dollars
ITA,gdp_current_prices,2017,,1970.027,billions_of_dollars
ITA,gdp_current_prices,2018,,2100.387,billions_of_dollars
ITA,gdp_current_prices,2019,,2019.831,billions_of_dollars
ITA,gdp_current_prices,2020,,1905.956,billions_of_dollars
ITA,gdp_current_prices,2021,,2180.657,billions_of_dollars
ITA,gdp_current_prices,2022,,2105.723,billions_of_dollars
ITA,gdp_current_prices,2023,,2305.27,billions_of_dollars
ITA,gdp_current_prices,2024,,2372.059,billions_of_dollars
ITA,gdp_current_prices,2025,,2543.677,billions_of_dollars
PRT,gdp_current_prices,2016,,206.249,billions_of_dollars
PRT,gdp_current_prices,2017,,220.785,billions_of_dollars
PRT,gdp_current_prices,2018,,242.203,billions_of_dollars
PRT,gdp_current_prices,2019,,240.142,billions_of_dollars
PRT,gdp_current_prices,2020,,229.435,billions_of_dollars
PRT,gdp_current_prices,2021,,256.226,billions_of_dollars
PRT,gdp_current_prices,2022,,257.101,billions_of_dollars
PRT,gdp_current_prices,2023,,289.781,billions_of_dollars
PRT,gdp_current_prices,2024,,308.581,billions_of_dollars
PRT,gdp_current_prices,2025,,337.936,billions_of_dollars
CAN,gdp_current_prices,2016,,1527.996,billions_of_dollars
CAN,gdp_current_prices,2017,,1649.266,billions_of_dollars
CAN,gdp_current_prices,2018,,1725.3,billions_of_dollars
CAN,gdp_current_prices,2019,,1743.725,billions_of_dollars
CAN,gdp_current_prices,2020,,1655.685,billions_of_dollars
CAN,gdp_current_prices,2021,,2022.382,billions_of_dollars
CAN,gdp_current_prices,2022,,2190.411,billions_of_dollars
CAN,gdp_current_prices,2023,,2173.34,billions_of_dollars
CAN,gdp_current_prices,2024,,2243.637,billions_of_dollars
CAN,gdp_current_prices,2025,,2283.599,billions_of_dollars
SWZ,gdp_current_prices,2016,,3.723,billions_of_dollars
SWZ,gdp_current_prices,2017,,4.468,billions_of_dollars
SWZ,gdp_current_prices,2018,,4.645,billions_of_dollars
SWZ,gdp_current_prices,2019,,4.617,billions_of_dollars
SWZ,gdp_current_prices,2020,,4.122,billions_of_dollars
SWZ,gdp_current_prices,2021,,4.786,billions_of_dollars
SWZ,gdp_current_prices,2022,,4.741,billions_of_dollars
SWZ,gdp_current_prices,2023,,4.604,billions_of_dollars
SWZ,gdp_current_prices,2024,,4.944,billions_of_dollars
SWZ,gdp_current_prices,2025,,5.201,billions_of_dollars
ESP,gdp_per_capita_current_prices,2016,,26725.642,dollars_per_capita
ESP,gdp_per_capita_current_prices,2017,,28326.416,dollars_per_capita
ESP,gdp_per_capita_current_prices,2018,,30526.94,dollars_per_capita
ESP,gdp_per_capita_current_prices,2019,,29664.183,dollars_per_capita
ESP,gdp_per_capita_current_prices,2020,,27188.392,dollars_per_capita
ESP,gdp_per_capita_current_prices,2021,,30792.106,dollars_per_capita
ESP,gdp_per_capita_current_prices,2022,,30154.509,dollars_per_capita
ESP,gdp_per_capita_current_prices,2023,,33312.918,dollars_per_capita
ESP,gdp_per_capita_current_prices,2024,,35151.242,dollars_per_capita
ESP,gdp_per_capita_current_prices,2025,,38039.876,dollars_per_capita
ESP,gdp_per_capita_current_prices,2026,,40581.506,dollars_per_capita
ESP,gdp_per_capita_current_prices,2027,,41888.427,dollars_per_capita
ESP,gdp_per_capita_current_prices,2028,,43059.815,dollars_per_capita
ESP,gdp_per_capita_current_prices,2029,,44363.981,dollars_per_capita
ESP,gdp_per_capita_current_prices,2030,,45765.843,dollars_per_capita
FRA,gdp_per_capita_current_prices,2016,,37081.496,dollars_per_capita
FRA,gdp_per_capita_current_prices,2017,,38756.651,dollars_per_capita
FRA,gdp_per_capita_current_prices,2018,,41539.756,dollars_per_capita
FRA,gdp_per_capita_current_prices,2019,,40487.302,dollars_per_capita
FRA,gdp_per_capita_current_prices,2020,,39230.928,dollars_per_capita
FRA,gdp_per_capita_current_prices,2021,,43848.345,dollars_per_capita
FRA,gdp_per_capita_current_prices,2022,,41095.77,dollars_per_capita
FRA,gdp_per_capita_current_prices,2023,,44853.761,dollars_per_capita
FRA,gdp_per_capita_current_prices,2024,,46187.295,dollars_per_capita
FRA,gdp_per_capita_current_prices,2025,,48981.965,dollars_per_capita
FRA,gdp_per_capita_current_prices,2026,,51707.603,dollars_per_capita
FRA,gdp_per_capita_current_prices,2027,,53048.574,dollars_per_capita
FRA,gdp_per_capita_current_prices,2028,,54515.019,dollars_per_capita
FRA,gdp_per_capita_current_prices,2029,,56050.844,dollars_per_capita
FRA,gdp_per_capita_current_prices,2030,,57606.464,dollars_per_capita
ITA,gdp_per_capita_current_prices,2016,,31357.601,dollars_per_capita
ITA,gdp_per_capita_current_prices,2017,,32797.298,dollars_per_capita
ITA,gdp_per_capita_current_prices,2018,,35042.793,dollars_per_capita
ITA,gdp_per_capita_current_prices,2019,,33767.024,dollars_per_capita
ITA,gdp_per_capita_current_prices,2020,,31956.874,dollars_per_capita
ITA,gdp_per_capita_current_prices,2021,,36812.907,dollars_per_capita
ITA,gdp_per_capita_current_prices,2022,,35672.007,dollars_per_capita
ITA,gdp_per_capita_current_prices,2023,,39074.224,dollars_per_capita
ITA,gdp_per_capita_current_prices,2024,,40224.012,dollars_per_capita
ITA,gdp_per_capita_current_prices,2025,,43161.196,dollars_per_capita
ITA,gdp_per_capita_current_prices,2026,,45883.138,dollars_per_capita
ITA,gdp_per_capita_current_prices,2027,,47003.259,dollars_per_capita
ITA,gdp_per_capita_current_prices,2028,,48259.625,dollars_per_capita
ITA,gdp_per_capita_current_prices,2029,,49617.831,dollars_per_capita
ITA,gdp_per_capita_current_prices,2030,,51032.695,dollars_per_capita
PRT,gdp_per_capita_current_prices,2016,,19914.852,dollars_per_capita
PRT,gdp_per_capita_current_prices,2017,,21352.268,dollars_per_capita
PRT,gdp_per_capita_current_prices,2018,,23436.023,dollars_per_capita
PRT,gdp_per_capita_current_prices,2019,,23192.2,dollars_per_capita
PRT,gdp_per_capita_current_prices,2020,,22093.25,dollars_per_capita
PRT,gdp_per_capita_current_prices,2021,,24618.869,dollars_per_capita
PRT,gdp_per_capita_current_prices,2022,,24558.6,dollars_per_capita
PRT,gdp_per_capita_current_prices,2023,,27394.2,dollars_per_capita
PRT,gdp_per_capita_current_prices,2024,,28886.507,dollars_per_capita
PRT,gdp_per_capita_current_prices,2025,,31414.528,dollars_per_capita
PRT,gdp_per_capita_current_prices,2026,,33972.404,dollars_per_capita
PRT,gdp_per_capita_current_prices,2027,,35245.851,dollars_per_capita
PRT,gdp_per_capita_current_prices,2028,,36600.622,dollars_per_capita
PRT,gdp_per_capita_current_prices,2029,,38017.709,dollars_per_capita
PRT,gdp_per_capita_current_prices,2030,,39506.807,dollars_per_capita
CAN,gdp_per_capita_current_prices,2016,,42382.499,dollars_per_capita
CAN,gdp_per_capita_current_prices,2017,,45192.368,dollars_per_capita
CAN,gdp_per_capita_current_prices,2018,,46617.97,dollars_per_capita
CAN,gdp_per_capita_current_prices,2019,,46430.975,dollars_per_capita
CAN,gdp_per_capita_current_prices,2020,,43573.195,dollars_per_capita
CAN,gdp_per_capita_current_prices,2021,,52912.175,dollars_per_capita
CAN,gdp_per_capita_current_prices,2022,,56358.067,dollars_per_capita
CAN,gdp_per_capita_current_prices,2023,,54376.269,dollars_per_capita
CAN,gdp_per_capita_current_prices,2024,,54531.118,dollars_per_capita
CAN,gdp_per_capita_current_prices,2025,,54934.843,dollars_per_capita
CAN,gdp_per_capita_current_prices,2026,,58243.586,dollars_per_capita
CAN,gdp_per_capita_current_prices,2027,,61047.868,dollars_per_capita
CAN,gdp_per_capita_current_prices,2028,,63383.379,dollars_per_capita
CAN,gdp_per_capita_current_prices,2029,,65706.301,dollars_per_capita
CAN,gdp_per_capita_current_prices,2030,,68445.728,dollars_per_capita
SWZ,gdp_per_capita_current_prices,2016,,3463.447,dollars_per_capita
SWZ,gdp_per_capita_current_prices,2017,,4115.891,dollars_per_capita
SWZ,gdp_per_capita_current_prices,2018,,4236.016,dollars_per_capita
SWZ,gdp_per_capita_current_prices,2019,,4167.13,dollars_per_capita
SWZ,gdp_per_capita_current_prices,2020,,3681.927,dollars_per_capita
SWZ,gdp_per_capita_current_prices,2021,,4230.468,dollars_per_capita
SWZ,gdp_per_capita_current_prices,2022,,4147.311,dollars_per_capita
SWZ,gdp_per_capita_current_prices,2023,,3985.408,dollars_per_capita
SWZ,gdp_per_capita_current_prices,2024,,4235.153,dollars_per_capita
SWZ,gdp_per_capita_current_prices,2025,,4409.528,dollars_per_capita
SWZ,gdp_per_capita_current_prices,2026,,4610.137,dollars_per_capita
SWZ,gdp_per_capita_current_prices,2027,,4752.484,dollars_per_capita
SWZ,gdp_per_capita_current_prices,2028,,4870.346,dollars_per_capita
SWZ,gdp_per_capita_current_prices,2029,,4982.268,dollars_per_capita
SWZ,gdp_per_capita_current_prices,2030,,5083.563,dollars_per_capita
ESP,real_gdp_growth_percent,2021,,6.7,percent
ESP,real_gdp_growth_percent,2022,,6.4,percent
ESP,real_gdp_growth_percent,2023,,2.5,percent
ESP,real_gdp_growth_percent,2024,,3.5,percent
ESP,real_gdp_growth_percent,2025,,2.9,percent
ESP,real_gdp_growth_percent,2026,,2.0,percent
ESP,real_gdp_growth_percent,2027,,1.7,percent
ESP,real_gdp_growth_percent,2028,,1.6,percent
ESP,real_gdp_growth_percent,2029,,1.6,percent
ESP,real_gdp_growth_percent,2030,,1.6,percent
FRA,real_gdp_growth_percent,2021,,6.8,percent
FRA,real_gdp_growth_percent,2022,,2.8,percent
FRA,real_gdp_growth_percent,2023,,1.6,percent
FRA,real_gdp_growth_percent,2024,,1.1,percent
FRA,real_gdp_growth_percent,2025,,0.7,percent
FRA,real_gdp_growth_percent,2026,,0.9,percent
FRA,real_gdp_growth_percent,2027,,1.2,percent
FRA,real_gdp_growth_percent,2028,,1.3,percent
FRA,real_gdp_growth_percent,2029,,1.2,percent
FRA,real_gdp_growth_percent,2030,,1.2,percent
ITA,real_gdp_growth_percent,2021,,8.9,percent
ITA,real_gdp_growth_percent,2022,,4.8,percent
ITA,real_gdp_growth_percent,2023,,0.7,percent
ITA,real_gdp_growth_percent,2024,,0.7,percent
ITA,real_gdp_growth_percent,2025,,0.5,percent
ITA,real_gdp_growth_percent,2026,,0.8,percent
ITA,real_gdp_growth_percent,2027,,0.6,percent
ITA,real_gdp_growth_percent,2028,,0.7,percent
ITA,real_gdp_growth_percent,2029,,0.7,percent
ITA,real_gdp_growth_percent,2030,,0.7,percent
PRT,real_gdp_growth_percent,2021,,5.6,percent
PRT,real_gdp_growth_percent,2022,,7.0,percent
PRT,real_gdp_growth_percent,2023,,2.6,percent
PRT,real_gdp_growth_percent,2024,,1.9,percent
PRT,real_gdp_growth_percent,2025,,1.9,percent
PRT,real_gdp_growth_percent,2026,,2.1,percent
PRT,real_gdp_growth_percent,2027,,1.5,percent
PRT,real_gdp_growth_percent,2028,,1.6,percent
PRT,real_gdp_growth_percent,2029,,1.6,percent
PRT,real_gdp_growth_percent,2030,,1.7,percent
CAN,real_gdp_growth_percent,2021,,6.0,percent
CAN,real_gdp_growth_percent,2022,,4.2,percent
CAN,real_gdp_growth_percent,2023,,1.5,percent
CAN,real_gdp_growth_percent,2024,,1.6,percent
CAN,real_gdp_growth_percent,2025,,1.2,percent
CAN,real_gdp_growth_percent,2026,,1.5,percent
CAN,real_gdp_growth_percent,2027,,1.9,percent
CAN,real_gdp_growth_percent,2028,,1.7,percent
CAN,real_gdp_growth_percent,2029,,1.7,percent
CAN,real_gdp_growth_percent,2030,,1.6,percent
SWZ,real_gdp_growth_percent,2021,,3.4,percent
SWZ,real_gdp_growth_percent,2022,,1.1,percent
SWZ,real_gdp_growth_percent,2023,,3.4,percent
SWZ,real_gdp_growth_percent,2024,,2.8,percent
SWZ,real_gdp_growth_percent,2025,,4.3,percent
SWZ,real_gdp_growth_percent,2026,,4.6,percent
SWZ,real_gdp_growth_percent,2027,,3.6,percent
SWZ,real_gdp_growth_percent,2028,,3.1,percent
SWZ,real_gdp_growth_percent,2029,,2.9,percent
SWZ,real_gdp_growth_percent,2030,,2.8,percent
ESP,inflation_average_consumer_prices,2021,,6.6,percent
ESP,inflation_average_consumer_prices,2022,,5.5,percent
ESP,inflation_average_consumer_prices,2023,,3.3,percent
ESP,inflation_average_consumer_prices,2024,,2.8,percent
ESP,inflation_average_consumer_prices,2025,,2.1,percent
ESP,inflation_average_consumer_prices,2026,,1.9,percent
ESP,inflation_average_consumer_prices,2027,,2.5,percent
ESP,inflation_average_consumer_prices,2028,,2.0,percent
ESP,inflation_average_consumer_prices,2029,,2.0,percent
ESP,inflation_average_consumer_prices,2030,,2.0,percent
FRA,inflation_average_consumer_prices,2021,,3.4,percent
FRA,inflation_average_consumer_prices,2022,,7.0,percent
FRA,inflation_average_consumer_prices,2023,,4.2,percent
FRA,inflation_average_consumer_prices,2024,,1.7,percent
FRA,inflation_average_consumer_prices,2025,,1.5,percent
FRA,inflation_average_consumer_prices,2026,,1.1,percent
FRA,inflation_average_consumer_prices,2027,,2.5,percent
FRA,inflation_average_consumer_prices,2028,,1.4,percent
FRA,inflation_average_consumer_prices,2029,,2.7,percent
FRA,inflation_average_consumer_prices,2030,,0.8,percent
ITA,inflation_average_consumer_prices,2021,,4.2,percent
ITA,inflation_average_consumer_prices,2022,,12.3,percent
ITA,inflation_average_consumer_prices,2023,,0.5,percent
ITA,inflation_average_consumer_prices,2024,,1.4,percent
ITA,inflation_average_consumer_prices,2025,,1.5,percent
ITA,inflation_average_consumer_prices,2026,,2.7,percent
ITA,inflation_average_consumer_prices,2027,,2.0,percent
ITA,inflation_average_consumer_prices,2028,,2.0,percent
ITA,inflation_average_consumer_prices,2029,,2.0,percent
ITA,inflation_average_consumer_prices,2030,,2.0,percent
PRT,inflation_average_consumer_prices,2021,,2.8,percent
PRT,inflation_average_consumer_prices,2022,,9.8,percent
PRT,inflation_average_consumer_prices,2023,,1.9,percent
PRT,inflation_average_consumer_prices,2024,,3.1,percent
PRT,inflation_average_consumer_prices,2025,,2.1,percent
PRT,inflation_average_consumer_prices,2026,,2.2,percent
PRT,inflation_average_consumer_prices,2027,,2.2,percent
PRT,inflation_average_consumer_prices,2028,,2.0,percent
PRT,inflation_average_consumer_prices,2029,,2.0,percent
PRT,inflation_average_consumer_prices,2030,,2.0,percent
CAN,inflation_average_consumer_prices,2021,,4.7,percent
CAN,inflation_average_consumer_prices,2022,,6.6,percent
CAN,inflation_average_consumer_prices,2023,,3.2,percent
CAN,inflation_average_consumer_prices,2024,,1.9,percent
CAN,inflation_average_consumer_prices,2025,,2.0,percent
CAN,inflation_average_consumer_prices,2026,,2.1,percent
CAN,inflation_average_consumer_prices,2027,,2.1,percent
CAN,inflation_average_consumer_prices,2028,,2.0,percent
CAN,inflation_average_consumer_prices,2029,,1.8,percent
CAN,inflation_average_consumer_prices,2030,,2.0,percent
SWZ,inflation_average_consumer_prices,2021,,3.5,percent
SWZ,inflation_average_consumer_prices,2022,,5.6,percent
SWZ,inflation_average_consumer_prices,2023,,4.3,percent
SWZ,inflation_average_consumer_prices,2024,,3.9,percent
SWZ,inflation_average_consumer_prices,2025,,3.5,percent
SWZ,inflation_average_consumer_prices,2026,,4.0,percent
SWZ,inflation_average_consumer_prices,2027,,3.8,percent
SWZ,inflation_average_consumer_prices,2028,,3.4,percent
SWZ,inflation_average_consumer_prices,2029,,3.2,percent
SWZ,inflation_average_consumer_prices,2030,,3.0,percent
IT,consumer_confidence_index,2022,8,96.87125,index
IT,consumer_confidence_index,2022,7,96.86984,index
PT,consumer_confidence_index,2025,2,99.69407,index
ES,consumer_confidence_index,2025,1,100.2281,index
FR,consumer_confidence_index,2024,12,98.35442,index
ES,consumer_confidence_index,2023,8,99.04723,index
ES,consumer_confidence_index,2023,7,99.35232,index
FR,consumer_confidence_index,2021,4,100.1922,index
FR,consumer_confidence_index,2021,3,99.56672,index
FR,consumer_confidence_index,2021,2,99.05428,index
FR,consumer_confidence_index,2021,1,98.85334,index
FR,consumer_confidence_index,2022,6,96.95766,index
FR,consumer_confidence_index,2022,5,97.14031,index
FR,consumer_confidence_index,2022,4,97.40778,index
FR,consumer_confidence_index,2022,3,97.9929,index
FR,consumer_confidence_index,2022,2,99.10256,index
FR,consumer_confidence_index,2022,1,99.81926,index
FR,consumer_confidence_index,2025,1,98.52219,index
IT,consumer_confidence_index,2025,1,100.0035,index
FR,consumer_confidence_index,2021,9,101.1606,index
FR,consumer_confidence_index,2021,8,101.277,index
FR,consumer_confidence_index,2021,7,101.516,index
FR,consumer_confidence_index,2021,6,101.5277,index
FR,consumer_confidence_index,2024,10,98.85326,index
FR,consumer_confidence_index,2024,9,99.02813,index
FR,consumer_confidence_index,2024,8,98.9177,index
FR,consumer_confidence_index,2024,7,98.69248,index
FR,consumer_confidence_index,2024,6,98.6041,index
FR,consumer_confidence_index,2024,5,98.59456,index
FR,consumer_confidence_index,2024,4,98.5899,index
FR,consumer_confidence_index,2024,3,98.71513,index
FR,consumer_confidence_index,2024,2,98.83688,index
FR,consumer_confidence_index,2024,1,98.97713,index
FR,consumer_confidence_index,2023,12,98.88348,index
FR,consumer_confidence_index,2023,11,98.6589,index
FR,consumer_confidence_index,2023,10,98.39339,index
FR,consumer_confidence_index,2023,9,98.36293,index
FR,consumer_confidence_index,2023,8,98.47356,index
FR,consumer_confidence_index,2023,7,98.52292,index
FR,consumer_confidence_index,2023,6,98.34627,index
FR,consumer_confidence_index,2023,5,97.94678,index
FR,consumer_confidence_index,2023,4,97.49252,index
FR,consumer_confidence_index,2023,3,97.12567,index
FR,consumer_confidence_index,2024,11,98.52699,index
FR,consumer_confidence_index,2021,5,100.9601,index
FR,consumer_confidence_index,2022,9,96.95685,index
FR,consumer_confidence_index,2022,8,96.99772,index
FR,consumer_confidence_index,2022,7,96.91984,index
FR,consumer_confidence_index,2025,12,98.24182,index
FR,consumer_confidence_index,2025,11,98.17168,index
FR,consumer_confidence_index,2025,10,98.00545,index
FR,consumer_confidence_index,2025,9,97.73289,index
FR,consumer_confidence_index,2025,8,97.66985,index
FR,consumer_confidence_index,2025,7,97.75543,index
FR,consumer_confidence_index,2025,6,97.82043,index
FR,consumer_confidence_index,2025,5,97.93806,index
FR,consumer_confidence_index,2025,4,98.17923,index
FR,consumer_confidence_index,2025,3,98.46934,index
FR,consumer_confidence_index,2025,2,98.62938,index
IT,consumer_confidence_index,2024,12,100.0222,index
IT,consumer_confidence_index,2024,11,100.0623,index
IT,consumer_confidence_index,2021,5,102.4428,index
IT,consumer_confidence_index,2021,4,101.6184,index
IT,consumer_confidence_index,2021,3,100.9851,index
IT,consumer_confidence_index,2021,2,100.5977,index
IT,consumer_confidence_index,2021,1,100.2363,index
IT,consumer_confidence_index,2022,6,97.19708,index
IT,consumer_confidence_index,2022,5,97.55859,index
IT,consumer_confidence_index,2022,4,97.93027,index
IT,consumer_confidence_index,2022,3,98.66797,index
IT,consumer_confidence_index,2022,2,100.1358,index
IT,consumer_confidence_index,2022,1,101.3311,index
IT,consumer_confidence_index,2021,12,102.2134,index
IT,consumer_confidence_index,2021,11,102.7037,index
IT,consumer_confidence_index,2021,10,103.0212,index
IT,consumer_confidence_index,2021,9,103.1381,index
IT,consumer_confidence_index,2021,8,103.2099,index
IT,consumer_confidence_index,2021,7,103.2928,index
IT,consumer_confidence_index,2021,6,103.0773,index
IT,consumer_confidence_index,2024,10,99.98036,index
IT,consumer_confidence_index,2024,9,99.8372,index
IT,consumer_confidence_index,2024,8,99.70296,index
IT,consumer_confidence_index,2024,7,99.60614,index
IT,consumer_confidence_index,2024,6,99.36297,index
IT,consumer_confidence_index,2024,5,99.14544,index
IT,consumer_confidence_index,2024,4,99.14239,index
IT,consumer_confidence_index,2024,3,99.36129,index
IT,consumer_confidence_index,2024,2,99.54816,index
IT,consumer_confidence_index,2024,1,99.57843,index
IT,consumer_confidence_index,2023,12,99.43636,index
IT,consumer_confidence_index,2023,11,99.18478,index
IT,consumer_confidence_index,2023,10,99.07943,index
IT,consumer_confidence_index,2023,9,99.26622,index
IT,consumer_confidence_index,2023,8,99.49855,index
IT,consumer_confidence_index,2023,7,99.64339,index
IT,consumer_confidence_index,2023,6,99.75392,index
FR,consumer_confidence_index,2021,12,100.2511,index
FR,consumer_confidence_index,2021,11,100.5841,index
FR,consumer_confidence_index,2021,10,100.8813,index
IT,consumer_confidence_index,2025,12,99.68429,index
IT,consumer_confidence_index,2025,11,99.6759,index
IT,consumer_confidence_index,2025,10,99.71542,index
IT,consumer_confidence_index,2025,9,99.66949,index
IT,consumer_confidence_index,2025,8,99.54043,index
IT,consumer_confidence_index,2025,7,99.42884,index
IT,consumer_confidence_index,2025,6,99.35794,index
IT,consumer_confidence_index,2025,5,99.32962,index
IT,consumer_confidence_index,2025,4,99.31225,index
IT,consumer_confidence_index,2025,3,99.57384,index
IT,consumer_confidence_index,2025,2,99.89565,index
PT,consumer_confidence_index,2025,1,99.84835,index
PT,consumer_confidence_index,2024,12,99.9311,index
PT,consumer_confidence_index,2021,6,100.2118,index
PT,consumer_confidence_index,2021,5,100.0468,index
PT,consumer_confidence_index,2021,4,99.55187,index
PT,consumer_confidence_index,2021,3,98.90169,index
PT,consumer_confidence_index,2021,2,98.32554,index
PT,consumer_confidence_index,2022,7,96.57336,index
PT,consumer_confidence_index,2022,6,96.60272,index
PT,consumer_confidence_index,2022,5,96.6509,index
PT,consumer_confidence_index,2022,4,96.79161,index
PT,consumer_confidence_index,2022,3,97.42085,index
PT,consumer_confidence_index,2022,2,98.62123,index
PT,consumer_confidence_index,2022,1,99.21601,index
PT,consumer_confidence_index,2021,12,99.44912,index
PT,consumer_confidence_index,2021,11,99.77666,index
PT,consumer_confidence_index,2021,10,100.317,index
PT,consumer_confidence_index,2021,9,100.5629,index
PT,consumer_confidence_index,2021,8,100.4448,index
PT,consumer_confidence_index,2021,7,100.2234,index
PT,consumer_confidence_index,2024,11,100.0346,index
PT,consumer_confidence_index,2024,10,100.1243,index
PT,consumer_confidence_index,2024,9,100.2127,index
PT,consumer_confidence_index,2024,8,100.2101,index
PT,consumer_confidence_index,2024,7,100.1332,index
PT,consumer_confidence_index,2024,6,99.85017,index
PT,consumer_confidence_index,2024,5,99.57372,index
PT,consumer_confidence_index,2024,4,99.2924,index
PT,consumer_confidence_index,2024,3,98.86906,index
PT,consumer_confidence_index,2024,2,98.42116,index
PT,consumer_confidence_index,2024,1,98.01145,index
PT,consumer_confidence_index,2023,12,97.60107,index
PT,consumer_confidence_index,2023,11,97.32055,index
PT,consumer_confidence_index,2023,10,97.46449,index
PT,consumer_confidence_index,2023,9,97.86134,index
PT,consumer_confidence_index,2023,8,98.32342,index
PT,consumer_confidence_index,2023,7,98.48761,index
PT,consumer_confidence_index,2023,6,98.22446,index
PT,consumer_confidence_index,2023,5,97.69172,index
PT,consumer_confidence_index,2023,4,97.12235,index
PT,consumer_confidence_index,2023,3,96.64456,index
PT,consumer_confidence_index,2023,2,96.27697,index
PT,consumer_confidence_index,2023,1,95.8917,index
PT,consumer_confidence_index,2022,12,95.5621,index
PT,consumer_confidence_index,2022,11,95.39373,index
PT,consumer_confidence_index,2022,10,95.49754,index
PT,consumer_confidence_index,2022,9,95.88112,index
PT,consumer_confidence_index,2022,8,96.3448,index
PT,consumer_confidence_index,2021,1,98.06445,index
PT,consumer_confidence_index,2025,12,100.0517,index
PT,consumer_confidence_index,2025,11,99.99879,index
PT,consumer_confidence_index,2025,10,99.93281,index
PT,consumer_confidence_index,2025,9,99.72712,index
PT,consumer_confidence_index,2025,8,99.64134,index
PT,consumer_confidence_index,2025,7,99.69556,index
PT,consumer_confidence_index,2025,6,99.65711,index
PT,consumer_confidence_index,2025,5,99.52089,index
PT,consumer_confidence_index,2025,4,99.34984,index
PT,consumer_confidence_index,2025,3,99.45077,index
ES,consumer_confidence_index,2024,12,100.4038,index
ES,consumer_confidence_index,2024,11,100.3225,index
ES,consumer_confidence_index,2021,5,100.5841,index
ES,consumer_confidence_index,2021,4,99.98609,index
ES,consumer_confidence_index,2021,3,99.18996,index
ES,consumer_confidence_index,2021,2,98.22165,index
ES,consumer_confidence_index,2021,1,97.70017,index
ES,consumer_confidence_index,2022,6,95.1184,index
ES,consumer_confidence_index,2022,5,95.89206,index
ES,consumer_confidence_index,2022,4,96.34094,index
ES,consumer_confidence_index,2022,3,97.1917,index
ES,consumer_confidence_index,2022,2,98.77092,index
ES,consumer_confidence_index,2022,1,99.56116,index
ES,consumer_confidence_index,2021,12,99.84808,index
ES,consumer_confidence_index,2021,11,100.1675,index
ES,consumer_confidence_index,2021,10,100.764,index
ES,consumer_confidence_index,2021,9,101.0743,index
ES,consumer_confidence_index,2021,8,101.1922,index
ES,consumer_confidence_index,2021,7,101.1354,index
ES,consumer_confidence_index,2021,6,100.9527,index
ES,consumer_confidence_index,2024,10,100.1255,index
ES,consumer_confidence_index,2024,9,99.92326,index
ES,consumer_confidence_index,2024,8,99.70948,index
ES,consumer_confidence_index,2024,7,99.67677,index
ES,consumer_confidence_index,2024,6,99.63921,index
ES,consumer_confidence_index,2024,5,99.57366,index
ES,consumer_confidence_index,2024,4,99.43129,index
ES,consumer_confidence_index,2024,3,99.1466,index
ES,consumer_confidence_index,2024,2,98.77981,index
ES,consumer_confidence_index,2024,1,98.43429,index
ES,consumer_confidence_index,2023,12,98.22784,index
ES,consumer_confidence_index,2023,11,98.10148,index
ES,consumer_confidence_index,2023,10,98.13882,index
ES,consumer_confidence_index,2023,9,98.43823,index
FR,consumer_confidence_index,2023,2,96.95467,index
FR,consumer_confidence_index,2023,1,96.98483,index
FR,consumer_confidence_index,2022,12,97.08394,index
FR,consumer_confidence_index,2022,11,97.1575,index
FR,consumer_confidence_index,2022,10,97.04956,index
ES,consumer_confidence_index,2023,6,98.96724,index
ES,consumer_confidence_index,2023,5,98.30374,index
ES,consumer_confidence_index,2023,4,97.79829,index
ES,consumer_confidence_index,2023,3,97.41732,index
ES,consumer_confidence_index,2023,2,97.30398,index
ES,consumer_confidence_index,2023,1,97.029,index
ES,consumer_confidence_index,2022,12,96.46687,index
ES,consumer_confidence_index,2022,11,95.73175,index
ES,consumer_confidence_index,2022,10,95.00515,index
ES,consumer_confidence_index,2022,9,94.5082,index
ES,consumer_confidence_index,2022,8,94.29604,index
ES,consumer_confidence_index,2022,7,94.38748,index
ES,consumer_confidence_index,2025,12,99.76157,index
ES,consumer_confidence_index,2025,11,99.89664,index
ES,consumer_confidence_index,2025,10,99.92717,index
ES,consumer_confidence_index,2025,9,99.74033,index
ES,consumer_confidence_index,2025,8,99.41817,index
ES,consumer_confidence_index,2025,7,99.17019,index
ES,consumer_confidence_index,2025,6,99.14695,index
ES,consumer_confidence_index,2025,5,99.17956,index
ES,consumer_confidence_index,2025,4,99.22671,index
ES,consumer_confidence_index,2025,3,99.51149,index
ES,consumer_confidence_index,2025,2,99.88108,index
IT,consumer_confidence_index,2023,5,99.81374,index
IT,consumer_confidence_index,2023,4,99.90355,index
IT,consumer_confidence_index,2023,3,99.86417,index
IT,consumer_confidence_index,2023,2,99.65016,index
IT,consumer_confidence_index,2023,1,99.39699,index
IT,consumer_confidence_index,2022,12,99.10835,index
IT,consumer_confidence_index,2022,11,98.46587,index
IT,consumer_confidence_index,2022,10,97.53358,index
IT,consumer_confidence_index,2022,9,97.01225,index
ES,income_share_held_by_highest_10_percent,2023,,24.5,percent
ES,income_share_held_by_highest_10_percent,2022,,24.8,percent
ES,income_share_held_by_highest_10_percent,2021,,24.7,percent
ES,income_share_held_by_highest_10_percent,2020,,25.0,percent
ES,income_share_held_by_highest_10_percent,2019,,24.9,percent
ES,income_share_held_by_highest_10_percent,2018,,25.3,percent
ES,income_share_held_by_highest_10_percent,2017,,25.4,percent
ES,income_share_held_by_highest_10_percent,2016,,25.8,percent
FR,income_share_held_by_highest_10_percent,2023,,25.0,percent
FR,income_share_held_by_highest_10_percent,2022,,24.6,percent
FR,income_share_held_by_highest_10_percent,2021,,24.9,percent
FR,income_share_held_by_highest_10_percent,2020,,24.5,percent
FR,income_share_held_by_highest_10_percent,2019,,24.8,percent
FR,income_share_held_by_highest_10_percent,2018,,26.7,percent
FR,income_share_held_by_highest_10_percent,2017,,25.8,percent
FR,income_share_held_by_highest_10_percent,2016,,25.9,percent
IT,income_share_held_by_highest_10_percent,2023,,25.8,percent
IT,income_share_held_by_highest_10_percent,2022,,25.3,percent
IT,income_share_held_by_highest_10_percent,2021,,26.2,percent
IT,income_share_held_by_highest_10_percent,2020,,26.1,percent
IT,income_share_held_by_highest_10_percent,2019,,25.8,percent
IT,income_share_held_by_highest_10_percent,2018,,25.9,percent
IT,income_share_held_by_highest_10_percent,2017,,26.7,percent
IT,income_share_held_by_highest_10_percent,2016,,26.0,percent
PT,income_share_held_by_highest_10_percent,2023,,26.9,percent
PT,income_share_held_by_highest_10_percent,2022,,28.8,percent
PT,income_share_held_by_highest_10_percent,2021,,27.5,percent
PT,income_share_held_by_highest_10_percent,2020,,26.9,percent
PT,income_share_held_by_highest_10_percent,2019,,26.0,percent
PT,income_share_held_by_highest_10_percent,2018,,26.6,percent
PT,income_share_held_by_highest_10_percent,2017,,26.7,percent
PT,income_share_held_by_highest_10_percent,2016,,27.5,percent
CA,income_share_held_by_highest_10_percent,2021,,24.1,percent
CA,income_share_held_by_highest_10_percent,2020,,23.4,percent
CA,income_share_held_by_highest_10_percent,2019,,24.0,percent
CA,income_share_held_by_highest_10_percent,2018,,24.4,percent
CA,income_share_held_by_highest_10_percent,2017,,24.9,percent
CA,income_share_held_by_highest_10_percent,2016,,24.6,percent
SZ,income_share_held_by_highest_10_percent,2016,,42.7,percent
ES,income_share_held_by_lowest_10_percent,2023,,2.2,percent
ES,income_share_held_by_lowest_10_percent,2022,,2.3,percent
ES,income_share_held_by_lowest_10_percent,2021,,2.2,percent
ES,income_share_held_by_lowest_10_percent,2020,,1.9,percent
ES,income_share_held_by_lowest_10_percent,2019,,2.0,percent
ES,income_share_held_by_lowest_10_percent,2018,,2.1,percent
ES,income_share_held_by_lowest_10_percent,2017,,2.1,percent
ES,income_share_held_by_lowest_10_percent,2016,,1.8,percent
FR,income_share_held_by_lowest_10_percent,2023,,3.0,percent
FR,income_share_held_by_lowest_10_percent,2022,,3.0,percent
FR,income_share_held_by_lowest_10_percent,2021,,2.9,percent
FR,income_share_held_by_lowest_10_percent,2020,,3.1,percent
FR,income_share_held_by_lowest_10_percent,2019,,3.1,percent
FR,income_share_held_by_lowest_10_percent,2018,,3.2,percent
FR,income_share_held_by_lowest_10_percent,2017,,3.2,percent
FR,income_share_held_by_lowest_10_percent,2016,,3.2,percent
IT,income_share_held_by_lowest_10_percent,2023,,2.3,percent
IT,income_share_held_by_lowest_10_percent,2022,,2.5,percent
IT,income_share_held_by_lowest_10_percent,2021,,2.3,percent
IT,income_share_held_by_lowest_10_percent,2020,,2.1,percent
IT,income_share_held_by_lowest_10_percent,2019,,2.1,percent
IT,income_share_held_by_lowest_10_percent,2018,,1.9,percent
IT,income_share_held_by_lowest_10_percent,2017,,1.9,percent
IT,income_share_held_by_lowest_10_percent,2016,,1.9,percent
PT,income_share_held_by_lowest_10_percent,2023,,2.7,percent
PT,income_share_held_by_lowest_10_percent,2022,,2.5,percent
PT,income_share_held_by_lowest_10_percent,2021,,2.8,percent
PT,income_share_held_by_lowest_10_percent,2020,,2.4,percent
PT,income_share_held_by_lowest_10_percent,2019,,2.8,percent
PT,income_share_held_by_lowest_10_percent,2018,,2.8,percent
PT,income_share_held_by_lowest_10_percent,2017,,2.7,percent
PT,income_share_held_by_lowest_10_percent,2016,,2.4,percent
CA,income_share_held_by_lowest_10_percent,2021,,3.3,percent
CA,income_share_held_by_lowest_10_percent,2020,,3.5,percent
CA,income_share_held_by_lowest_10_percent,2019,,3.0,percent
CA,income_share_held_by_lowest_10_percent,2018,,2.9,percent
CA,income_share_held_by_lowest_10_percent,2017,,2.8,percent
CA,income_share_held_by_lowest_10_percent,2016,,2.9,percent
SZ,income_share_held_by_lowest_10_percent,2016,,1.4,percent
ES,unemployment_youth_total_15_24_percent,2025,,24.745,percent
ES,unemployment_youth_total_15_24_percent,2024,,26.631,percent
ES,unemployment_youth_total_15_24_percent,2023,,28.747,percent
ES,unemployment_youth_total_15_24_percent,2022,,29.713,percent
ES,unemployment_youth_total_15_24_percent,2021,,34.999,percent
ES,unemployment_youth_total_15_24_percent,2020,,38.312,percent
ES,unemployment_youth_total_15_24_percent,2019,,32.555,percent
ES,unemployment_youth_total_15_24_percent,2018,,34.362,percent
ES,unemployment_youth_total_15_24_percent,2017,,38.594,percent
ES,unemployment_youth_total_15_24_percent,2016,,44.445,percent
FR,unemployment_youth_total_15_24_percent,2025,,18.89,percent
FR,unemployment_youth_total_15_24_percent,2024,,18.603,percent
FR,unemployment_youth_total_15_24_percent,2023,,17.419,percent
FR,unemployment_youth_total_15_24_percent,2022,,17.856,percent
FR,unemployment_youth_total_15_24_percent,2021,,19.252,percent
FR,unemployment_youth_total_15_24_percent,2020,,20.398,percent
FR,unemployment_youth_total_15_24_percent,2019,,19.929,percent
FR,unemployment_youth_total_15_24_percent,2018,,20.953,percent
FR,unemployment_youth_total_15_24_percent,2017,,22.572,percent
FR,unemployment_youth_total_15_24_percent,2016,,24.938,percent
IT,unemployment_youth_total_15_24_percent,2025,,20.545,percent
IT,unemployment_youth_total_15_24_percent,2024,,20.246,percent
IT,unemployment_youth_total_15_24_percent,2023,,22.727,percent
IT,unemployment_youth_total_15_24_percent,2022,,23.704,percent
IT,unemployment_youth_total_15_24_percent,2021,,29.665,percent
IT,unemployment_youth_total_15_24_percent,2020,,29.629,percent
IT,unemployment_youth_total_15_24_percent,2019,,29.102,percent
IT,unemployment_youth_total_15_24_percent,2018,,32.185,percent
IT,unemployment_youth_total_15_24_percent,2017,,34.726,percent
IT,unemployment_youth_total_15_24_percent,2016,,37.758,percent
PT,unemployment_youth_total_15_24_percent,2025,,20.221,percent
PT,unemployment_youth_total_15_24_percent,2024,,21.766,percent
PT,unemployment_youth_total_15_24_percent,2023,,20.463,percent
PT,unemployment_youth_total_15_24_percent,2022,,19.183,percent
PT,unemployment_youth_total_15_24_percent,2021,,23.424,percent
PT,unemployment_youth_total_15_24_percent,2020,,22.46,percent
PT,unemployment_youth_total_15_24_percent,2019,,18.326,percent
PT,unemployment_youth_total_15_24_percent,2018,,20.235,percent
PT,unemployment_youth_total_15_24_percent,2017,,23.802,percent
PT,unemployment_youth_total_15_24_percent,2016,,27.799,percent
CA,unemployment_youth_total_15_24_percent,2025,,13.8,percent
CA,unemployment_youth_total_15_24_percent,2024,,13.276,percent
CA,unemployment_youth_total_15_24_percent,2023,,10.806,percent
CA,unemployment_youth_total_15_24_percent,2022,,10.082,percent
CA,unemployment_youth_total_15_24_percent,2021,,13.557,percent
CA,unemployment_youth_total_15_24_percent,2020,,20.125,percent
CA,unemployment_youth_total_15_24_percent,2019,,10.744,percent
CA,unemployment_youth_total_15_24_percent,2018,,10.709,percent
CA,unemployment_youth_total_15_24_percent,2017,,11.236,percent
CA,unemployment_youth_total_15_24_percent,2016,,12.597,percent
SZ,unemployment_youth_total_15_24_percent,2025,,54.329,percent
SZ,unemployment_youth_total_15_24_percent,2024,,54.37,percent
SZ,unemployment_youth_total_15_24_percent,2023,,54.239,percent
SZ,unemployment_youth_total_15_24_percent,2022,,58.474,percent
SZ,unemployment_youth_total_15_24_percent,2021,,56.669,percent
SZ,unemployment_youth_total_15_24_percent,2020,,58.611,percent
SZ,unemployment_youth_total_15_24_percent,2019,,51.201,percent
SZ,unemployment_youth_total_15_24_percent,2018,,49.927,percent
SZ,unemployment_youth_total_15_24_percent,2017,,48.365,percent
SZ,unemployment_youth_total_15_24_percent,2016,,46.973,percent
